accepted,accepted_pdr,app_goodput_bytes_per_second,attempted,delivered,duration_seconds,first_delivery_ms,invalid,invalid_roles,label,not_ready,offered,offered_pdr,p50_ms,p95_ms,p99_ms,packet_goodput_packets_per_second,rejected,window_start_s,workload
5,1.0,3.5,,5,10.0,69.484619,False,[],50,,,,69.484619,284.618408,284.618408,0.5,,50,heartbeat
8,1.0,5.6,,8,10.0,572.648926,False,[],60,,,,1572.705078,2123.868652,2123.868652,0.8,,60,heartbeat
6,0.833333,3.5,,5,10.0,5026.935059,False,[],70,,,,2020.211182,3087.232178,3087.232178,0.5,,70,heartbeat
4,0.5,1.4,,2,10.0,8795.229492,False,[],80,,,,2796.508789,5406.578857,5406.578857,0.2,,80,heartbeat
6,1.0,4.2,,6,10.0,914.805176,False,[],90,,,,1369.9021,1931.86084,1931.86084,0.6,,90,heartbeat
4,0.75,2.1,,3,10.0,8332.917969,False,[],100,,,,5332.262451,5334.057617,5334.057617,0.3,,100,heartbeat
3,1.0,2.1,,3,10.0,1088.48584,False,[],110,,,,1674.512695,2531.570312,2531.570312,0.3,,110,heartbeat
10,1.0,7.0,,10,10.0,10.704102,False,[],120,,,,8.806396,263.905518,263.905518,1.0,,120,heartbeat
10,1.0,7.0,,10,10.0,8.045166,False,[],130,,,,8.147705,9.352539,9.352539,1.0,,130,heartbeat
10,1.0,7.0,,10,10.0,8.386719,False,[],140,,,,8.454834,263.41748,263.41748,1.0,,140,heartbeat
10,1.0,7.0,,10,10.0,7.728027,False,[],150,,,,8.762207,262.963867,262.963867,1.0,,150,heartbeat
10,1.0,7.0,,10,10.0,9.069092,False,[],160,,,,8.23999,261.373291,261.373291,1.0,,160,heartbeat
10,1.0,7.0,,10,10.0,7.410645,False,[],170,,,,8.512939,9.717773,9.717773,1.0,,170,heartbeat
10,1.0,7.0,,10,10.0,8.751953,False,[],180,,,,7.990967,10.854248,10.854248,1.0,,180,heartbeat
10,1.0,7.0,,10,10.0,8.093262,False,[],190,,,,8.161621,10.400635,10.400635,1.0,,190,heartbeat
10,1.0,7.0,,10,10.0,7.43457,False,[],200,,,,7.741699,11.673584,11.673584,1.0,,200,heartbeat
10,1.0,7.0,,10,10.0,8.775879,False,[],210,,,,8.775879,10.083252,10.083252,1.0,,210,heartbeat
10,1.0,7.0,,10,10.0,9.117188,False,[],220,,,,9.356201,261.318848,261.318848,1.0,,220,heartbeat
10,1.0,7.0,,10,10.0,264.455566,False,[],230,,,,8.663574,264.455566,264.455566,1.0,,230,heartbeat
10,1.0,7.0,,10,10.0,8.799805,False,[],240,,,,8.902344,9.834229,9.834229,1.0,,240,heartbeat
10,1.0,7.0,,10,10.0,8.141357,False,[],250,,,,8.448486,262.411133,262.411133,1.0,,250,heartbeat
10,1.0,7.0,,10,10.0,8.482666,False,[],260,,,,7.789795,9.755615,9.755615,1.0,,260,heartbeat
10,1.0,7.0,,10,10.0,8.82373,False,[],270,,,,8.062988,10.960449,10.960449,1.0,,270,heartbeat
10,1.0,7.0,,10,10.0,8.165283,False,[],280,,,,8.404053,10.335938,10.335938,1.0,,280,heartbeat
10,1.0,7.0,,10,10.0,7.506592,False,[],290,,,,7.711426,10.643066,10.643066,1.0,,290,heartbeat
10,1.0,7.0,,10,10.0,264.844727,False,[],300,,,,3177.013428,7269.791992,7269.791992,1.0,,300,heartbeat
10,1.0,7.0,,10,10.0,7.189209,False,[],310,,,,8.360107,262.254395,262.254395,1.0,,310,heartbeat
10,1.0,7.0,,10,10.0,265.527588,False,[],320,,,,8.633057,265.527588,265.527588,1.0,,320,heartbeat
10,1.0,7.0,,10,10.0,8.871826,False,[],330,,,,8.871826,10.144775,10.144775,1.0,,330,heartbeat
10,1.0,7.0,,10,10.0,8.213379,False,[],340,,,,8.486328,263.448975,263.448975,1.0,,340,heartbeat
10,1.0,7.0,,10,10.0,8.554443,False,[],350,,,,8.554443,10.759277,10.759277,1.0,,350,heartbeat
10,1.0,7.0,,10,10.0,8.895996,False,[],360,,,,8.895996,262.926758,262.926758,1.0,,360,heartbeat
10,1.0,7.0,,10,10.0,8.237305,False,[],370,,,,8.30542,9.510254,9.510254,1.0,,370,heartbeat
10,1.0,7.0,,10,10.0,8.578613,False,[],380,,,,8.715088,10.680908,10.680908,1.0,,380,heartbeat
10,1.0,7.0,,10,10.0,8.919922,False,[],390,,,,8.124756,11.227051,11.227051,1.0,,390,heartbeat
10,1.0,7.0,,10,10.0,263.258057,False,[],400,,,,8.397705,263.258057,263.258057,1.0,,400,heartbeat
10,1.0,7.0,,10,10.0,8.602539,False,[],410,,,,7.875732,10.739014,10.739014,1.0,,410,heartbeat
10,1.0,7.0,,10,10.0,8.943848,False,[],420,,,,8.250977,265.009033,265.009033,1.0,,420,heartbeat
10,1.0,7.0,,10,10.0,7.2854,False,[],430,,,,8.421631,2265.462158,2265.462158,1.0,,430,heartbeat
10,1.0,7.0,,10,10.0,11.626465,False,[],440,,,,11.797363,15.72876,15.72876,1.0,,440,heartbeat
10,1.0,7.0,,10,10.0,10.968018,False,[],450,,,,13.240967,522.268799,522.268799,1.0,,450,heartbeat
10,1.0,7.0,,10,10.0,70.30835,False,[],460,,,,8.51416,264.579102,264.579102,1.0,,460,heartbeat
10,1.0,7.0,,10,10.0,8.650635,False,[],470,,,,8.753174,9.71875,9.71875,1.0,,470,heartbeat
10,1.0,7.0,,10,10.0,6.991943,False,[],480,,,,8.162598,10.264893,10.264893,1.0,,480,heartbeat
10,1.0,7.0,,10,10.0,8.333496,False,[],490,,,,8.333496,10.640381,10.640381,1.0,,490,heartbeat
10,1.0,7.0,,10,10.0,7.674561,False,[],500,,,,8.742676,262.9104,262.9104,1.0,,500,heartbeat
6,0.833333,3.5,,5,10.0,107.014893,False,[],510,,,,1208.035156,4886.126221,4886.126221,0.5,,510,heartbeat
8,1.0,5.6,,8,10.0,2118.365234,False,[],520,,,,1750.472168,2196.637451,2196.637451,0.8,,520,heartbeat
6,1.0,4.2,,6,10.0,1643.712402,False,[],530,,,,956.823242,1772.847412,1772.847412,0.6,,530,heartbeat
5,0.8,2.8,,4,10.0,2654.00708,False,[],540,,,,2654.00708,3949.127686,3949.127686,0.4,,540,heartbeat
3,1.0,2.1,,3,10.0,4634.35791,False,[],550,,,,4634.35791,4806.390137,4806.390137,0.3,,550,heartbeat
7,1.0,4.9,,7,10.0,1806.700439,False,[],560,,,,1718.974365,3114.854736,3114.854736,0.7,,560,heartbeat
10,1.0,7.0,,10,10.0,45.063477,False,[],570,,,,8.200439,45.063477,45.063477,1.0,,570,heartbeat
10,1.0,7.0,,10,10.0,8.405273,False,[],580,,,,7.644043,9.678467,9.678467,1.0,,580,heartbeat
10,1.0,7.0,,10,10.0,8.746582,False,[],590,,,,7.917236,263.016357,263.016357,1.0,,590,heartbeat
10,1.0,7.0,,10,10.0,9.088135,False,[],600,,,,8.224365,262.32373,262.32373,1.0,,600,heartbeat
10,1.0,7.0,,10,10.0,8.429199,False,[],610,,,,8.429199,9.634033,9.634033,1.0,,610,heartbeat
10,1.0,7.0,,10,10.0,9.770752,False,[],620,,,,8.043701,9.804688,9.804688,1.0,,620,heartbeat
10,1.0,7.0,,10,10.0,8.112061,False,[],630,,,,8.248535,263.416016,263.416016,1.0,,630,heartbeat
10,1.0,7.0,,10,10.0,8.453125,False,[],640,,,,8.453125,263.518311,263.518311,1.0,,640,heartbeat
10,1.0,7.0,,10,10.0,9.794678,False,[],650,,,,7.999512,9.794678,9.794678,1.0,,650,heartbeat
10,1.0,7.0,,10,10.0,7.135742,False,[],660,,,,8.204346,9.170166,9.170166,1.0,,660,heartbeat
10,1.0,7.0,,10,10.0,8.477295,False,[],670,,,,8.477295,262.781494,262.781494,1.0,,670,heartbeat
10,1.0,7.0,,10,10.0,7.818604,False,[],680,,,,7.920898,9.091553,9.091553,1.0,,680,heartbeat
10,1.0,7.0,,10,10.0,9.159912,False,[],690,,,,8.433105,11.193848,11.193848,1.0,,690,heartbeat
10,1.0,7.0,,10,10.0,8.501221,False,[],700,,,,8.501221,8.80835,8.80835,1.0,,700,heartbeat
10,1.0,7.0,,10,10.0,9.842773,False,[],710,,,,8.910889,10.115723,10.115723,1.0,,710,heartbeat
10,1.0,7.0,,10,10.0,7.183838,False,[],720,,,,8.354492,262.215088,262.215088,1.0,,720,heartbeat
10,1.0,7.0,,10,10.0,8.525391,False,[],730,,,,8.627686,9.661865,9.661865,1.0,,730,heartbeat
10,1.0,7.0,,10,10.0,8.866699,False,[],740,,,,8.105713,69.036377,69.036377,1.0,,740,heartbeat
10,1.0,7.0,,10,10.0,8.207764,False,[],750,,,,8.207764,11.446777,11.446777,1.0,,750,heartbeat
10,1.0,7.0,,10,10.0,8.549316,False,[],760,,,,7.788086,8.856445,8.856445,1.0,,760,heartbeat
10,1.0,7.0,,10,10.0,7.890625,False,[],770,,,,8.061279,9.129639,9.129639,1.0,,770,heartbeat
10,1.0,7.0,,10,10.0,9.231934,False,[],780,,,,8.300049,11.470703,11.470703,1.0,,780,heartbeat
10,1.0,7.0,,10,10.0,8.573242,False,[],790,,,,7.812256,262.843018,262.843018,1.0,,790,heartbeat
10,1.0,7.0,,10,10.0,9.914551,False,[],800,,,,8.153564,263.013916,263.013916,1.0,,800,heartbeat
10,1.0,7.0,,10,10.0,9.255859,False,[],810,,,,8.494873,10.426514,10.426514,1.0,,810,heartbeat
10,1.0,7.0,,10,10.0,8.597412,False,[],820,,,,8.597412,9.904541,9.904541,1.0,,820,heartbeat
10,1.0,7.0,,10,10.0,261.935303,False,[],830,,,,8.109131,261.935303,261.935303,1.0,,830,heartbeat
10,1.0,7.0,,10,10.0,10.280029,False,[],840,,,,8.484619,262.549805,262.549805,1.0,,840,heartbeat
10,1.0,7.0,,10,10.0,8.621338,False,[],850,,,,7.894287,9.826172,9.826172,1.0,,850,heartbeat
10,1.0,7.0,,10,10.0,6.962646,False,[],860,,,,8.23584,263.198242,263.198242,1.0,,860,heartbeat
10,1.0,7.0,,10,10.0,8.303955,False,[],870,,,,8.303955,10.474609,10.474609,1.0,,870,heartbeat
10,1.0,7.0,,10,10.0,9.64502,False,[],880,,,,8.713623,9.64502,9.64502,1.0,,880,heartbeat
10,1.0,7.0,,10,10.0,6.986572,False,[],890,,,,8.259766,10.020752,10.020752,1.0,,890,heartbeat
10,1.0,7.0,,10,10.0,11.327881,False,[],900,,,,8.430176,11.327881,11.327881,1.0,,900,heartbeat
10,1.0,7.0,,10,10.0,7.669434,False,[],910,,,,7.976562,9.771729,9.771729,1.0,,910,heartbeat
10,1.0,7.0,,10,10.0,7.010498,False,[],920,,,,8.181396,9.249512,9.249512,1.0,,920,heartbeat
10,1.0,7.0,,10,10.0,8.352051,False,[],930,,,,8.352051,8.65918,8.65918,1.0,,930,heartbeat
10,1.0,7.0,,10,10.0,8.693115,False,[],940,,,,7.966309,9.727539,9.727539,1.0,,940,heartbeat
10,1.0,7.0,,10,10.0,7.034668,False,[],950,,,,8.205322,262.270264,262.270264,1.0,,950,heartbeat
8,0.75,4.2,,6,10.0,768.366699,False,[],960,,,,1519.425537,5045.586426,5045.586426,0.6,,960,heartbeat
5,0.8,2.8,,4,10.0,961.807861,False,[],970,,,,765.844482,1898.864502,1898.864502,0.4,,970,heartbeat
7,1.0,4.9,,7,10.0,3194.019043,False,[],980,,,,1707.276611,3194.019043,3194.019043,0.7,,980,heartbeat
7,0.857143,4.2,,6,10.0,1344.383545,False,[],990,,,,1687.515625,2445.574707,2445.574707,0.6,,990,heartbeat
3,1.0,2.1,,3,10.0,1876.786377,False,[],1000,,,,2969.841064,4139.997314,4139.997314,0.3,,1000,heartbeat
7,1.0,4.9,,7,10.0,4349.028809,False,[],1010,,,,1501.371338,4501.026855,4501.026855,0.7,,1010,heartbeat
10,1.0,7.0,,10,10.0,531.41748,False,[],1020,,,,7.697021,531.41748,531.41748,1.0,,1020,heartbeat
10,1.0,7.0,,10,10.0,8.765137,False,[],1030,,,,8.07251,10.038086,10.038086,1.0,,1030,heartbeat
10,1.0,7.0,,10,10.0,7.106689,False,[],1040,,,,8.311523,10.24292,10.24292,1.0,,1040,heartbeat
10,1.0,7.0,,10,10.0,8.447754,False,[],1050,,,,8.447754,264.479004,264.479004,1.0,,1050,heartbeat
10,1.0,7.0,,10,10.0,8.789307,False,[],1060,,,,8.789307,263.854248,263.854248,1.0,,1060,heartbeat
10,1.0,7.0,,10,10.0,8.130615,False,[],1070,,,,8.335449,10.403564,10.403564,1.0,,1070,heartbeat
10,1.0,7.0,,10,10.0,8.471924,False,[],1080,,,,8.540283,9.779053,9.779053,1.0,,1080,heartbeat
10,1.0,7.0,,10,10.0,7.813232,False,[],1090,,,,8.052246,9.983887,9.983887,1.0,,1090,heartbeat
10,1.0,7.0,,10,10.0,9.154785,False,[],1100,,,,8.359375,265.322021,265.322021,1.0,,1100,heartbeat
10,1.0,7.0,,10,10.0,7.49585,False,[],1110,,,,8.632568,9.803223,9.803223,1.0,,1110,heartbeat
10,1.0,7.0,,10,10.0,7.837158,False,[],1120,,,,8.110352,10.144287,10.144287,1.0,,1120,heartbeat
10,1.0,7.0,,10,10.0,8.178711,False,[],1130,,,,8.314941,8.48584,8.48584,1.0,,1130,heartbeat
10,1.0,7.0,,10,10.0,9.519775,False,[],1140,,,,7.758789,9.793213,9.793213,1.0,,1140,heartbeat
10,1.0,7.0,,10,10.0,8.861328,False,[],1150,,,,8.168457,9.997559,9.997559,1.0,,1150,heartbeat
10,1.0,7.0,,10,10.0,8.202637,False,[],1160,,,,8.202637,263.506592,263.506592,1.0,,1160,heartbeat
2,1.0,1.4,,2,10.0,7.543945,False,[],1170,,,,7.543945,7.577881,7.577881,0.2,,1170,heartbeat
