churn,converged,evidence_age_mean_ms,invalid,invalid_roles,jaccard,nodes,pairwise_agreement,precision,recall,reporting_roles,stale_ratio,status,truth_stale_ratio,window_start_s
0,0,145.75,False,[],0.1,6,0.077778,1.0,0.1,"['A', 'B', 'C', 'D', 'E', 'F']",0.0,OK,0.9,0
24,0,5035.719444,False,[],0.9,6,0.833333,1.0,0.9,"['A', 'B', 'C', 'D', 'E', 'F']",0.0,OK,0.1,10
0,0,14945.427778,False,[],0.9,6,0.833333,1.0,0.9,"['A', 'B', 'C', 'D', 'E', 'F']",0.0,OK,0.1,20
0,0,25212.761111,False,[],0.9,6,0.833333,1.0,0.9,"['A', 'B', 'C', 'D', 'E', 'F']",0.0,OK,0.1,30
0,0,35475.761111,False,[],0.9,6,0.833333,1.0,0.9,"['A', 'B', 'C', 'D', 'E', 'F']",0.0,OK,0.1,40
2,0,17643.466667,False,[],0.966667,6,0.944444,1.0,0.966667,"['A', 'B', 'C', 'D', 'E', 'F']",0.0,OK,0.033333,50
1,1,13539.033333,False,[],1.0,6,1.0,1.0,1.0,"['A', 'B', 'C', 'D', 'E', 'F']",0.0,OK,0.0,60
0,1,15030.533333,False,[],1.0,6,1.0,1.0,1.0,"['A', 'B', 'C', 'D', 'E', 'F']",0.0,OK,0.0,70
0,1,14694.1,False,[],1.0,6,1.0,1.0,1.0,"['A', 'B', 'C', 'D', 'E', 'F']",0.0,OK,0.0,80
0,1,7801.266667,False,[],1.0,6,1.0,1.0,1.0,"['A', 'B', 'C', 'D', 'E', 'F']",0.033333,OK,0.033333,90
0,1,6794.666667,False,[],1.0,6,1.0,1.0,1.0,"['A', 'B', 'C', 'D', 'E', 'F']",0.0,OK,0.0,100
0,1,3931.1,False,[],1.0,6,1.0,1.0,1.0,"['A', 'B', 'C', 'D', 'E', 'F']",0.0,OK,0.0,110
0,1,6428.4,False,[],1.0,6,1.0,1.0,1.0,"['A', 'B', 'C', 'D', 'E', 'F']",0.0,OK,0.0,120
0,1,14998.233333,False,[],1.0,6,1.0,1.0,1.0,"['A', 'B', 'C', 'D', 'E', 'F']",0.0,OK,0.0,130
0,1,23604.6,False,[],1.0,6,1.0,1.0,1.0,"['A', 'B', 'C', 'D', 'E', 'F']",0.0,OK,0.0,140
0,0,30111.76,False,[],1.0,5,1.0,1.0,1.0,"['A', 'B', 'C', 'D', 'E']",0.0,INCOMPLETE_FLEET,0.0,150
0,1,39146.0,False,[],1.0,6,1.0,1.0,1.0,"['A', 'B', 'C', 'D', 'E', 'F']",0.0,OK,0.0,160
0,1,44156.533333,False,[],1.0,6,1.0,1.0,1.0,"['A', 'B', 'C', 'D', 'E', 'F']",0.0,OK,0.0,170
0,0,48713.08,False,[],1.0,5,1.0,1.0,1.0,"['A', 'B', 'C', 'D', 'F']",0.0,INCOMPLETE_FLEET,0.0,180
0,1,57753.366667,False,[],1.0,6,1.0,1.0,1.0,"['A', 'B', 'C', 'D', 'E', 'F']",0.0,OK,0.0,190
0,1,66329.633333,False,[],1.0,6,1.0,1.0,1.0,"['A', 'B', 'C', 'D', 'E', 'F']",0.0,OK,0.0,200
0,1,74986.733333,False,[],1.0,6,1.0,1.0,1.0,"['A', 'B', 'C', 'D', 'E', 'F']",0.0,OK,0.0,210
0,1,42955.666667,False,[],1.0,6,1.0,1.0,1.0,"['A', 'B', 'C', 'D', 'E', 'F']",0.0,OK,0.0,220
0,1,43207.066667,False,[],1.0,6,1.0,1.0,1.0,"['A', 'B', 'C', 'D', 'E', 'F']",0.0,OK,0.0,230
0,0,48533.04,False,[],1.0,5,1.0,1.0,1.0,"['A', 'C', 'D', 'E', 'F']",0.0,INCOMPLETE_FLEET,0.0,240
0,0,58757.76,False,[],1.0,5,1.0,1.0,1.0,"['A', 'B', 'C', 'E', 'F']",0.0,INCOMPLETE_FLEET,0.0,250
0,1,65633.433333,False,[],1.0,6,1.0,1.0,1.0,"['A', 'B', 'C', 'D', 'E', 'F']",0.0,OK,0.0,260
0,1,74238.7,False,[],1.0,6,1.0,1.0,1.0,"['A', 'B', 'C', 'D', 'E', 'F']",0.066667,OK,0.066667,270
0,1,82850.4,False,[],1.0,6,1.0,1.0,1.0,"['A', 'B', 'C', 'D', 'E', 'F']",0.2,OK,0.2,280
0,1,91535.0,False,[],1.0,6,1.0,1.0,1.0,"['A', 'B', 'C', 'D', 'E', 'F']",0.266667,OK,0.266667,290
0,1,42307.966667,False,[],1.0,6,1.0,1.0,1.0,"['A', 'B', 'C', 'D', 'E', 'F']",0.133333,OK,0.133333,300
0,0,13645.8,False,[],1.0,5,1.0,1.0,1.0,"['A', 'B', 'D', 'E', 'F']",0.0,INCOMPLETE_FLEET,0.0,310
0,1,20300.866667,False,[],1.0,6,1.0,1.0,1.0,"['A', 'B', 'C', 'D', 'E', 'F']",0.0,OK,0.0,320
0,1,29004.733333,False,[],1.0,6,1.0,1.0,1.0,"['A', 'B', 'C', 'D', 'E', 'F']",0.0,OK,0.0,330
0,0,38135.16,False,[],1.0,5,1.0,1.0,1.0,"['B', 'C', 'D', 'E', 'F']",0.0,INCOMPLETE_FLEET,0.0,340
0,1,44811.566667,False,[],1.0,6,1.0,1.0,1.0,"['A', 'B', 'C', 'D', 'E', 'F']",0.0,OK,0.0,350
0,1,53510.033333,False,[],1.0,6,1.0,1.0,1.0,"['A', 'B', 'C', 'D', 'E', 'F']",0.0,OK,0.0,360
0,1,62196.933333,False,[],1.0,6,1.0,1.0,1.0,"['A', 'B', 'C', 'D', 'E', 'F']",0.0,OK,0.0,370
0,1,70788.0,False,[],1.0,6,1.0,1.0,1.0,"['A', 'B', 'C', 'D', 'E', 'F']",0.0,OK,0.0,380
0,1,79421.5,False,[],1.0,6,1.0,1.0,1.0,"['A', 'B', 'C', 'D', 'E', 'F']",0.066667,OK,0.066667,390
0,1,59794.433333,False,[],1.0,6,1.0,1.0,1.0,"['A', 'B', 'C', 'D', 'E', 'F']",0.033333,OK,0.033333,400
0,1,54709.766667,False,[],1.0,6,1.0,1.0,1.0,"['A', 'B', 'C', 'D', 'E', 'F']",0.033333,OK,0.033333,410
0,1,59562.4,False,[],1.0,6,1.0,1.0,1.0,"['A', 'B', 'C', 'D', 'E', 'F']",0.033333,OK,0.033333,420
0,1,48470.933333,False,[],1.0,6,1.0,1.0,1.0,"['A', 'B', 'C', 'D', 'E', 'F']",0.033333,OK,0.033333,430
0,1,48142.866667,False,[],1.0,6,1.0,1.0,1.0,"['A', 'B', 'C', 'D', 'E', 'F']",0.033333,OK,0.033333,440
0,1,55798.866667,False,[],1.0,6,1.0,1.0,1.0,"['A', 'B', 'C', 'D', 'E', 'F']",0.033333,OK,0.033333,450
0,0,30308.28,False,[],1.0,5,1.0,1.0,1.0,"['A', 'B', 'C', 'D', 'F']",0.04,INCOMPLETE_FLEET,0.04,460
0,0,39885.52,False,[],1.0,5,1.0,1.0,1.0,"['A', 'B', 'C', 'D', 'E']",0.12,INCOMPLETE_FLEET,0.12,470
0,1,42783.5,False,[],1.0,6,1.0,1.0,1.0,"['A', 'B', 'C', 'D', 'E', 'F']",0.1,OK,0.1,480
0,1,51455.266667,False,[],1.0,6,1.0,1.0,1.0,"['A', 'B', 'C', 'D', 'E', 'F']",0.1,OK,0.1,490
0,1,59995.833333,False,[],1.0,6,1.0,1.0,1.0,"['A', 'B', 'C', 'D', 'E', 'F']",0.1,OK,0.1,500
0,0,33751.3,False,[],1.0,4,1.0,1.0,1.0,"['A', 'C', 'E', 'F']",0.0,INCOMPLETE_FLEET,0.0,510
0,1,10127.933333,False,[],1.0,6,1.0,1.0,1.0,"['A', 'B', 'C', 'D', 'E', 'F']",0.0,OK,0.0,520
0,1,11428.0,False,[],1.0,6,1.0,1.0,1.0,"['A', 'B', 'C', 'D', 'E', 'F']",0.0,OK,0.0,530
0,1,11041.766667,False,[],1.0,6,1.0,1.0,1.0,"['A', 'B', 'C', 'D', 'E', 'F']",0.0,OK,0.0,540
0,1,2252.366667,False,[],1.0,6,1.0,1.0,1.0,"['A', 'B', 'C', 'D', 'E', 'F']",0.0,OK,0.0,550
0,1,5768.466667,False,[],1.0,6,1.0,1.0,1.0,"['A', 'B', 'C', 'D', 'E', 'F']",0.0,OK,0.0,560
0,1,9064.0,False,[],1.0,6,1.0,1.0,1.0,"['A', 'B', 'C', 'D', 'E', 'F']",0.0,OK,0.0,570
0,1,17597.266667,False,[],1.0,6,1.0,1.0,1.0,"['A', 'B', 'C', 'D', 'E', 'F']",0.0,OK,0.0,580
0,1,26305.766667,False,[],1.0,6,1.0,1.0,1.0,"['A', 'B', 'C', 'D', 'E', 'F']",0.0,OK,0.0,590
0,1,34919.7,False,[],1.0,6,1.0,1.0,1.0,"['A', 'B', 'C', 'D', 'E', 'F']",0.0,OK,0.0,600
0,1,43565.966667,False,[],1.0,6,1.0,1.0,1.0,"['A', 'B', 'C', 'D', 'E', 'F']",0.0,OK,0.0,610
0,1,52181.133333,False,[],1.0,6,1.0,1.0,1.0,"['A', 'B', 'C', 'D', 'E', 'F']",0.0,OK,0.0,620
0,1,60810.5,False,[],1.0,6,1.0,1.0,1.0,"['A', 'B', 'C', 'D', 'E', 'F']",0.0,OK,0.0,630
0,1,69465.7,False,[],1.0,6,1.0,1.0,1.0,"['A', 'B', 'C', 'D', 'E', 'F']",0.0,OK,0.0,640
0,1,49772.2,False,[],1.0,6,1.0,1.0,1.0,"['A', 'B', 'C', 'D', 'E', 'F']",0.0,OK,0.0,650
0,1,48673.566667,False,[],1.0,6,1.0,1.0,1.0,"['A', 'B', 'C', 'D', 'E', 'F']",0.0,OK,0.0,660
0,1,57323.233333,False,[],1.0,6,1.0,1.0,1.0,"['A', 'B', 'C', 'D', 'E', 'F']",0.0,OK,0.0,670
0,1,65919.8,False,[],1.0,6,1.0,1.0,1.0,"['A', 'B', 'C', 'D', 'E', 'F']",0.0,OK,0.0,680
0,1,74602.233333,False,[],1.0,6,1.0,1.0,1.0,"['A', 'B', 'C', 'D', 'E', 'F']",0.0,OK,0.0,690
0,0,89584.92,False,[],1.0,5,1.0,1.0,1.0,"['A', 'B', 'D', 'E', 'F']",0.0,INCOMPLETE_FLEET,0.0,700
0,0,94884.48,False,[],1.0,5,1.0,1.0,1.0,"['B', 'C', 'D', 'E', 'F']",0.0,INCOMPLETE_FLEET,0.0,710
0,1,98064.033333,False,[],1.0,6,1.0,1.0,1.0,"['A', 'B', 'C', 'D', 'E', 'F']",0.166667,OK,0.166667,720
0,1,106692.1,False,[],1.0,6,1.0,1.0,1.0,"['A', 'B', 'C', 'D', 'E', 'F']",0.266667,OK,0.266667,730
0,1,46183.0,False,[],1.0,6,1.0,1.0,1.0,"['A', 'B', 'C', 'D', 'E', 'F']",0.066667,OK,0.066667,740
0,0,26776.68,False,[],1.0,5,1.0,1.0,1.0,"['A', 'B', 'C', 'D', 'E']",0.0,INCOMPLETE_FLEET,0.0,750
0,0,40441.76,False,[],1.0,5,1.0,1.0,1.0,"['A', 'B', 'C', 'D', 'F']",0.0,INCOMPLETE_FLEET,0.0,760
0,1,47608.3,False,[],1.0,6,1.0,1.0,1.0,"['A', 'B', 'C', 'D', 'E', 'F']",0.0,OK,0.0,770
0,1,56252.6,False,[],1.0,6,1.0,1.0,1.0,"['A', 'B', 'C', 'D', 'E', 'F']",0.0,OK,0.0,780
0,0,63335.76,False,[],1.0,5,1.0,1.0,1.0,"['A', 'B', 'C', 'E', 'F']",0.0,INCOMPLETE_FLEET,0.0,790
0,0,74607.04,False,[],1.0,5,1.0,1.0,1.0,"['A', 'C', 'D', 'E', 'F']",0.0,INCOMPLETE_FLEET,0.0,800
0,1,79353.866667,False,[],1.0,6,1.0,1.0,1.0,"['A', 'B', 'C', 'D', 'E', 'F']",0.033333,OK,0.033333,810
0,1,87946.066667,False,[],1.0,6,1.0,1.0,1.0,"['A', 'B', 'C', 'D', 'E', 'F']",0.2,OK,0.2,820
0,1,96568.0,False,[],1.0,6,1.0,1.0,1.0,"['A', 'B', 'C', 'D', 'E', 'F']",0.266667,OK,0.266667,830
0,1,105162.266667,False,[],1.0,6,1.0,1.0,1.0,"['A', 'B', 'C', 'D', 'E', 'F']",0.266667,OK,0.266667,840
0,1,113804.8,False,[],1.0,6,1.0,1.0,1.0,"['A', 'B', 'C', 'D', 'E', 'F']",0.266667,OK,0.266667,850
0,1,97941.8,False,[],1.0,6,1.0,1.0,1.0,"['A', 'B', 'C', 'D', 'E', 'F']",0.166667,OK,0.166667,860
0,1,85663.2,False,[],1.0,6,1.0,1.0,1.0,"['A', 'B', 'C', 'D', 'E', 'F']",0.066667,OK,0.066667,870
0,1,94242.8,False,[],1.0,6,1.0,1.0,1.0,"['A', 'B', 'C', 'D', 'E', 'F']",0.066667,OK,0.066667,880
0,1,102898.566667,False,[],1.0,6,1.0,1.0,1.0,"['A', 'B', 'C', 'D', 'E', 'F']",0.066667,OK,0.066667,890
0,1,111478.4,False,[],1.0,6,1.0,1.0,1.0,"['A', 'B', 'C', 'D', 'E', 'F']",0.366667,OK,0.366667,900
0,1,120063.7,False,[],1.0,6,1.0,1.0,1.0,"['A', 'B', 'C', 'D', 'E', 'F']",0.466667,OK,0.466667,910
0,1,128697.766667,False,[],1.0,6,1.0,1.0,1.0,"['A', 'B', 'C', 'D', 'E', 'F']",0.6,OK,0.6,920
0,1,137331.533333,False,[],1.0,6,1.0,1.0,1.0,"['A', 'B', 'C', 'D', 'E', 'F']",0.6,OK,0.6,930
0,1,145800.4,False,[],1.0,6,1.0,1.0,1.0,"['A', 'B', 'C', 'D', 'E', 'F']",0.6,OK,0.6,940
0,1,154424.266667,False,[],1.0,6,1.0,1.0,1.0,"['A', 'B', 'C', 'D', 'E', 'F']",0.6,OK,0.6,950
0,1,130854.566667,False,[],1.0,6,1.0,1.0,1.0,"['A', 'B', 'C', 'D', 'E', 'F']",0.5,OK,0.5,960
0,1,8214.833333,False,[],1.0,6,1.0,1.0,1.0,"['A', 'B', 'C', 'D', 'E', 'F']",0.0,OK,0.0,970
0,1,4404.566667,False,[],1.0,6,1.0,1.0,1.0,"['A', 'B', 'C', 'D', 'E', 'F']",0.0,OK,0.0,980
0,1,12910.266667,False,[],1.0,6,1.0,1.0,1.0,"['A', 'B', 'C', 'D', 'E', 'F']",0.0,OK,0.0,990
0,1,5160.0,False,[],1.0,6,1.0,1.0,1.0,"['A', 'B', 'C', 'D', 'E', 'F']",0.0,OK,0.0,1000
0,1,3465.933333,False,[],1.0,6,1.0,1.0,1.0,"['A', 'B', 'C', 'D', 'E', 'F']",0.0,OK,0.0,1010
0,1,12136.6,False,[],1.0,6,1.0,1.0,1.0,"['A', 'B', 'C', 'D', 'E', 'F']",0.0,OK,0.0,1020
0,1,20788.566667,False,[],1.0,6,1.0,1.0,1.0,"['A', 'B', 'C', 'D', 'E', 'F']",0.0,OK,0.0,1030
0,1,29451.066667,False,[],1.0,6,1.0,1.0,1.0,"['A', 'B', 'C', 'D', 'E', 'F']",0.0,OK,0.0,1040
0,0,35544.88,False,[],1.0,5,1.0,1.0,1.0,"['A', 'B', 'C', 'D', 'F']",0.0,INCOMPLETE_FLEET,0.0,1050
0,1,44899.333333,False,[],1.0,6,1.0,1.0,1.0,"['A', 'B', 'C', 'D', 'E', 'F']",0.0,OK,0.0,1060
0,0,56110.36,False,[],1.0,5,1.0,1.0,1.0,"['A', 'B', 'C', 'D', 'E']",0.0,INCOMPLETE_FLEET,0.0,1070
0,1,61112.833333,False,[],1.0,6,1.0,1.0,1.0,"['A', 'B', 'C', 'D', 'E', 'F']",0.0,OK,0.0,1080
0,0,65960.066667,False,[],1.0,3,1.0,1.0,1.0,"['A', 'E', 'F']",0.0,INCOMPLETE_FLEET,0.0,1090
0,0,73294.36,False,[],1.0,5,1.0,1.0,1.0,"['B', 'C', 'D', 'E', 'F']",0.0,INCOMPLETE_FLEET,0.0,1100
0,1,81138.766667,False,[],1.0,6,1.0,1.0,1.0,"['A', 'B', 'C', 'D', 'E', 'F']",0.0,OK,0.0,1110
0,1,89813.2,False,[],1.0,6,1.0,1.0,1.0,"['A', 'B', 'C', 'D', 'E', 'F']",0.0,OK,0.0,1120
0,1,98436.933333,False,[],1.0,6,1.0,1.0,1.0,"['A', 'B', 'C', 'D', 'E', 'F']",0.0,OK,0.0,1130
0,1,107051.033333,False,[],1.0,6,1.0,1.0,1.0,"['A', 'B', 'C', 'D', 'E', 'F']",0.0,OK,0.0,1140
0,1,115640.333333,False,[],1.0,6,1.0,1.0,1.0,"['A', 'B', 'C', 'D', 'E', 'F']",0.033333,OK,0.033333,1150
0,1,124303.333333,False,[],1.0,6,1.0,1.0,1.0,"['A', 'B', 'C', 'D', 'E', 'F']",0.066667,OK,0.066667,1160
0,1,132901.066667,False,[],1.0,6,1.0,1.0,1.0,"['A', 'B', 'C', 'D', 'E', 'F']",0.266667,OK,0.266667,1170
0,1,141509.766667,False,[],1.0,6,1.0,1.0,1.0,"['A', 'B', 'C', 'D', 'E', 'F']",0.633333,OK,0.633333,1180
0,1,150155.133333,False,[],1.0,6,1.0,1.0,1.0,"['A', 'B', 'C', 'D', 'E', 'F']",0.833333,OK,0.833333,1190
