accepted,attempt_queue_faults,diagnostic_dropped,event_q,event_q_dropped,event_q_high_water,final_q,guard_faults,heartbeat_skipped,host_ms,invalid,invalid_roles,mesh_fault,not_ready,offered,record_seq,rejected,retry_log_dropped,role,router_fault,rreq_dropped,session,skipped,snapshot_faults,throughput_skipped,trace_fault_latched,trace_over_budget,window_start_s
0,0,0,2,0,2,0,0,0,1786913932517.7961,False,[],0,2,2,6,2,0,A,0,0,3013422788,0,0,0,0,0,0
0,0,0,0,0,0,0,0,0,1786913933129.7668,False,[],0,0,0,4,0,0,B,0,0,3177249399,0,0,0,0,0,0
0,0,0,0,0,0,0,0,0,1786913934131.78,False,[],0,0,0,4,0,0,C,0,0,2991270563,0,0,0,0,0,0
0,0,0,0,0,0,0,0,0,1786913935069.835,False,[],0,0,0,4,0,0,D,0,0,1338274444,0,0,0,0,0,0
0,0,0,0,0,0,0,0,0,1786913936016.1519,False,[],0,0,0,4,0,0,E,0,0,3806078397,0,0,0,0,0,0
0,0,0,0,0,0,0,0,0,1786913936920.793,False,[],0,0,0,4,0,0,F,0,0,3609126526,0,0,0,0,0,0
9,0,0,9,0,9,0,0,0,1786913944742.897,False,[],0,5,14,39,5,0,A,0,0,3013422788,0,0,0,0,0,10
0,0,0,0,0,0,0,0,0,1786913944636.941,False,[],0,0,0,21,0,0,B,0,0,3177249399,0,0,0,0,0,10
0,0,0,0,0,0,2,0,0,1786913945528.859,False,[],0,0,0,30,0,0,C,0,0,2991270563,0,0,0,0,0,10
0,0,0,0,0,0,0,0,0,1786913945971.889,False,[],0,0,0,23,0,0,D,0,0,1338274444,0,0,0,0,0,10
0,0,0,0,0,0,0,0,0,1786913946580.885,False,[],0,0,0,23,0,0,F,0,0,3609126526,0,0,0,0,0,10
0,0,0,0,0,0,0,0,0,1786913946920.218,False,[],0,0,0,23,0,0,E,0,0,3806078397,0,0,0,0,0,10
0,0,0,0,0,0,0,0,0,1786913954857.9011,False,[],0,0,0,38,0,0,B,0,0,3177249399,0,0,0,0,0,20
0,0,0,0,0,0,2,0,0,1786913955694.959,False,[],0,0,0,58,0,0,C,0,0,2991270563,0,0,0,0,0,20
20,0,0,18,0,18,0,0,0,1786913955768.006,False,[],0,5,25,66,5,0,A,0,0,3013422788,0,0,0,0,0,20
0,0,0,0,0,0,0,0,0,1786913955934.9111,False,[],0,0,0,42,0,0,D,0,0,1338274444,0,0,0,0,0,20
0,0,0,0,0,0,0,0,0,1786913956939.3152,False,[],0,0,0,42,0,0,E,0,0,3806078397,0,0,0,0,0,20
0,0,0,0,0,0,0,0,0,1786913957810.99,False,[],0,0,0,42,0,0,F,0,0,3609126526,0,0,0,0,0,20
29,0,0,26,0,26,0,0,0,1786913964805.0078,False,[],0,5,34,87,5,0,A,0,0,3013422788,0,0,0,0,0,30
0,0,0,0,0,0,0,0,0,1786913964798.034,False,[],0,0,0,56,0,0,B,0,0,3177249399,0,0,0,0,0,30
0,0,0,0,0,0,2,0,0,1786913965465.991,False,[],0,0,0,86,0,0,C,0,0,2991270563,0,0,0,0,0,30
0,0,0,0,0,0,0,0,0,1786913965824.009,False,[],0,0,0,61,0,0,D,0,0,1338274444,0,0,0,0,0,30
0,0,0,0,0,0,0,0,0,1786913966767.3508,False,[],0,0,0,61,0,0,E,0,0,3806078397,0,0,0,0,0,30
0,0,0,0,0,0,0,0,0,1786913967686.022,False,[],0,0,0,61,0,0,F,0,0,3609126526,0,0,0,0,0,30
0,0,0,0,0,0,0,0,0,1786913974692.056,False,[],0,0,0,74,0,0,B,0,0,3177249399,0,0,0,0,0,40
39,0,0,32,0,32,0,0,0,1786913974853.078,False,[],0,5,44,111,5,0,A,0,0,3013422788,0,0,0,0,0,40
0,0,0,0,0,0,2,0,0,1786913975445.044,False,[],0,0,0,114,0,0,C,0,0,2991270563,0,0,0,0,0,40
0,0,0,0,0,0,0,0,0,1786913975834.077,False,[],0,0,0,80,0,0,D,0,0,1338274444,0,0,0,0,0,40
0,0,0,0,0,0,0,0,0,1786913976809.481,False,[],0,0,0,80,0,0,E,0,0,3806078397,0,0,0,0,0,40
0,0,0,0,0,0,0,0,0,1786913977691.0789,False,[],0,0,0,80,0,0,F,0,0,3609126526,0,0,0,0,0,40
0,0,0,0,0,0,0,0,0,1786913984733.161,True,['B'],0,0,0,92,0,0,B,0,0,3177249399,0,0,0,0,0,50
50,0,0,42,0,42,0,0,0,1786913985053.161,True,"['A', 'B']",0,5,55,136,5,0,A,0,0,3013422788,0,0,0,0,0,50
0,0,0,0,0,0,2,0,0,1786913985427.115,True,"['A', 'B']",0,0,0,143,0,0,C,0,0,2991270563,0,0,0,0,0,50
0,0,0,0,0,0,0,0,0,1786913985810.1511,True,"['A', 'B']",0,0,0,99,0,0,D,0,0,1338274444,0,0,0,0,0,50
0,0,0,0,0,0,0,0,0,1786913986896.522,True,"['A', 'B']",0,0,0,99,0,0,E,0,0,3806078397,0,0,0,0,0,50
0,0,0,0,0,0,0,0,0,1786913987742.1519,True,"['A', 'B']",0,0,0,99,0,0,F,0,0,3609126526,0,0,0,0,0,50
0,0,0,0,0,0,0,0,0,1786913996645.188,True,"['A', 'B']",0,0,0,118,0,0,D,0,0,1338274444,0,0,0,0,0,60
0,0,0,0,0,0,0,0,0,1786913997462.582,True,"['A', 'B']",0,0,0,118,0,0,E,0,0,3806078397,0,0,0,0,0,60
0,0,0,0,0,0,0,0,0,1786913998589.231,True,"['A', 'B']",0,0,0,118,0,0,F,0,0,3609126526,0,0,0,0,0,60
0,0,0,0,0,0,8,0,0,1786914002086.261,True,"['A', 'B']",0,0,0,179,0,0,C,0,0,2991270563,0,0,0,0,0,70
0,0,0,0,0,0,0,0,0,1786914006669.263,True,"['A', 'B']",0,0,0,136,0,0,D,0,0,1338274444,0,0,0,0,0,70
0,0,0,0,0,0,0,0,0,1786914007447.629,True,"['A', 'B']",0,0,0,136,0,0,E,0,0,3806078397,0,0,0,0,0,70
0,0,0,0,0,0,0,0,0,1786914008609.291,True,"['A', 'B']",0,0,0,136,0,0,F,0,0,3609126526,0,0,0,0,0,70
0,0,0,0,0,0,8,0,0,1786914010049.273,True,"['A', 'B']",0,0,0,186,0,0,C,0,0,2991270563,0,0,0,0,0,70
0,0,0,0,0,0,0,0,0,1786914016965.321,True,"['A', 'B']",0,0,0,154,0,0,D,0,0,1338274444,0,0,0,0,0,80
0,0,0,0,0,0,0,0,0,1786914017614.7102,True,"['A', 'B']",0,0,0,154,0,0,E,0,0,3806078397,0,0,0,0,0,80
0,0,0,0,0,0,0,0,0,1786914018697.329,True,"['A', 'B']",0,0,0,154,0,0,F,0,0,3609126526,0,0,0,0,0,80
0,0,0,0,0,0,0,0,0,1786914026624.39,True,"['A', 'B', 'D']",0,0,0,172,0,0,D,0,0,1338274444,0,0,0,0,0,90
0,0,0,0,0,0,8,0,0,1786914026771.416,True,"['A', 'B', 'D']",0,0,0,211,0,0,C,0,0,2991270563,0,0,0,0,0,90
0,0,0,0,0,0,0,0,0,1786914027655.77,True,"['A', 'B', 'D']",0,0,0,172,0,0,E,0,0,3806078397,0,0,0,0,0,90
0,0,0,0,0,0,0,0,0,1786914028529.4321,True,"['A', 'B', 'D']",0,0,0,172,0,0,F,0,0,3609126526,0,0,0,0,0,90
0,0,0,0,0,0,0,0,0,1786914038787.865,True,"['A', 'B', 'D']",0,0,0,190,0,0,E,0,0,3806078397,0,0,0,0,0,100
0,0,0,0,0,0,8,0,0,1786914041879.499,True,"['A', 'B', 'D']",0,0,0,229,0,0,C,0,0,2991270563,0,0,0,0,0,110
0,0,0,0,0,0,0,0,0,1786914045737.54,True,"['A', 'B', 'D']",0,0,0,190,0,0,F,0,0,3609126526,0,0,0,0,0,110
0,0,0,0,0,0,0,0,0,1786914049687.9412,True,"['A', 'B', 'D']",0,0,0,204,0,0,E,0,0,3806078397,0,0,0,0,0,110
0,0,0,0,0,0,0,0,0,1786914053781.584,True,"['A', 'B', 'D']",0,0,0,195,0,0,F,0,0,3609126526,0,0,0,0,0,120
0,0,0,0,0,0,8,0,0,1786914054781.5918,True,"['A', 'B', 'D']",0,0,0,232,0,0,C,0,0,2991270563,0,0,0,0,0,120
0,0,0,0,0,0,0,0,0,1786914058477.626,True,"['A', 'B', 'D']",0,0,0,190,0,1,D,0,0,1338274444,0,0,0,0,0,120
0,0,0,0,0,0,0,0,0,1786914058656.983,True,"['A', 'B']",0,0,0,214,0,0,E,0,0,3806078397,0,0,0,0,0,120
0,0,0,0,0,0,0,0,0,1786914059606.6401,True,"['A', 'B']",0,0,0,201,0,0,F,0,0,3609126526,0,0,0,0,0,120
0,0,0,0,0,0,8,0,0,1786914062846.632,True,"['A', 'B']",0,0,0,236,0,0,C,0,0,2991270563,0,0,0,0,0,130
0,0,0,0,0,0,0,0,0,1786914064367.682,True,"['A', 'B']",0,0,0,113,0,2,B,0,0,3177249399,0,0,0,0,0,130
0,0,0,0,0,0,0,0,0,1786914064622.647,True,['A'],0,0,0,195,0,1,D,0,0,1338274444,0,0,0,0,0,130
0,0,0,0,0,0,0,0,0,1786914067521.026,True,['A'],0,0,0,231,0,0,E,0,0,3806078397,0,0,0,0,0,130
0,0,0,0,0,0,8,0,0,1786914067924.69,True,['A'],0,0,0,243,0,0,C,0,0,2991270563,0,0,0,0,0,130
0,0,0,0,0,0,0,0,0,1786914068445.676,True,['A'],0,0,0,216,0,0,F,0,0,3609126526,0,0,0,0,0,130
0,0,0,0,0,0,0,0,0,1786914068608.676,True,['A'],0,0,0,198,0,1,D,0,0,1338274444,0,0,0,0,0,130
352,0,0,1024,372,1024,0,0,0,1786914068640.7112,True,['A'],0,5,738,169,386,0,A,0,0,3013422788,0,0,0,0,0,130
0,0,0,0,0,0,0,0,0,1786914069969.7249,True,['A'],0,0,0,116,0,2,B,0,0,3177249399,0,0,0,0,0,130
0,0,0,0,0,0,0,0,0,1786914075761.751,True,['A'],0,0,0,124,0,2,B,0,0,3177249399,0,0,0,0,0,140
0,0,0,0,0,0,0,0,0,1786914076849.76,True,['A'],0,0,0,214,0,1,D,0,0,1338274444,0,0,0,0,0,140
0,0,0,0,0,0,0,0,0,1786914077482.096,True,['A'],0,0,0,249,0,0,E,0,0,3806078397,0,0,0,0,0,140
0,0,0,0,0,0,7,0,0,1786914077686.7312,True,['A'],0,0,0,264,0,0,C,0,0,2991270563,0,0,0,0,0,140
0,0,0,0,0,0,0,0,0,1786914078494.75,True,['A'],0,0,0,234,0,0,F,0,0,3609126526,0,0,0,0,0,140
362,0,0,1024,384,1024,0,0,0,1786914078484.7778,True,['A'],0,5,748,186,386,0,A,0,0,3013422788,0,0,0,0,0,140
0,0,0,0,0,0,0,0,0,1786914085155.833,True,['A'],0,0,0,138,0,2,B,0,0,3177249399,0,0,0,0,0,150
0,0,0,0,0,0,0,0,0,1786914087014.8,True,['A'],0,0,0,232,0,1,D,0,0,1338274444,0,0,0,0,0,150
0,0,0,0,0,0,0,0,0,1786914087418.159,True,['A'],0,0,0,267,0,0,E,0,0,3806078397,0,0,0,0,0,150
371,0,0,1024,395,1024,0,0,0,1786914087342.8198,True,['A'],0,5,757,201,386,0,A,0,0,3013422788,0,0,0,0,0,150
0,0,0,0,0,0,7,0,0,1786914087896.7979,True,['A'],0,0,0,285,0,0,C,0,0,2991270563,0,0,0,0,0,150
0,0,0,0,0,0,0,0,0,1786914088398.8909,True,['A'],0,0,0,252,0,0,F,0,0,3609126526,0,0,0,0,0,150
379,0,0,1024,405,1024,0,0,0,1786914095494.8772,True,['A'],0,5,765,214,386,0,A,0,0,3013422788,0,0,0,0,0,160
0,0,0,0,0,0,0,0,0,1786914095456.885,True,['A'],0,0,0,156,0,2,B,0,0,3177249399,0,0,0,0,0,160
0,0,0,0,0,0,7,0,0,1786914096577.85,True,['A'],0,0,0,304,0,0,C,0,0,2991270563,0,0,0,0,0,160
0,0,0,0,0,0,0,0,0,1786914097034.859,True,['A'],0,0,0,250,0,1,D,0,0,1338274444,0,0,0,0,0,160
0,0,0,0,0,0,0,0,0,1786914097447.242,True,['A'],0,0,0,285,0,0,E,0,0,3806078397,0,0,0,0,0,160
0,0,0,0,0,0,0,0,0,1786914098349.8608,True,['A'],0,0,0,270,0,0,F,0,0,3609126526,0,0,0,0,0,160
0,0,0,0,0,0,0,0,0,1786914105219.914,True,['A'],0,0,0,173,0,2,B,0,0,3177249399,0,0,0,0,0,170
0,0,0,0,0,0,6,0,0,1786914107220.9229,True,['A'],0,0,0,327,0,0,C,0,0,2991270563,0,0,0,0,0,170
0,0,0,0,0,0,0,0,0,1786914107134.013,True,['A'],0,0,0,268,0,1,D,0,0,1338274444,0,0,0,0,0,170
0,0,0,0,0,0,0,0,0,1786914107547.301,True,['A'],0,0,0,303,0,0,E,0,0,3806078397,0,0,0,0,0,170
391,0,0,1024,418,1024,0,0,0,1786914107606.9692,True,['A'],0,5,777,237,386,0,A,0,0,3013422788,0,0,0,0,0,170
0,0,0,0,0,0,0,0,0,1786914108354.93,True,['A'],0,0,0,288,0,0,F,0,0,3609126526,0,0,0,0,0,170
0,0,0,0,0,0,0,0,0,1786914115222.971,True,['A'],0,0,0,190,0,2,B,0,0,3177249399,0,0,0,0,0,180
400,0,0,1024,429,1024,0,0,0,1786914116607.033,True,['A'],0,5,786,252,386,0,A,0,0,3013422788,0,0,0,0,0,180
0,0,0,0,0,0,0,0,0,1786914116885.0342,True,['A'],0,0,0,285,0,1,D,0,0,1338274444,0,0,0,0,0,180
0,0,0,0,0,0,0,0,0,1786914117489.372,True,['A'],0,0,0,321,0,0,E,0,0,3806078397,0,0,0,0,0,180
0,0,0,0,0,0,0,0,0,1786914118373.021,True,['A'],0,0,0,306,0,0,F,0,0,3609126526,0,0,0,0,0,180
0,0,0,0,0,0,4,0,0,1786914118700.0288,True,['A'],0,0,0,354,0,0,C,0,0,2991270563,0,0,0,0,0,180
0,0,0,0,0,0,0,0,0,1786914125111.095,True,['A'],0,0,0,207,0,2,B,0,0,3177249399,0,0,0,0,0,190
409,0,0,1024,440,1024,0,0,0,1786914125696.096,True,['A'],0,5,795,267,386,0,A,0,0,3013422788,0,0,0,0,0,190
0,0,0,0,0,0,4,0,0,1786914126621.0361,True,['A'],0,0,0,371,0,0,C,0,0,2991270563,0,0,0,0,0,190
0,0,0,0,0,0,0,0,0,1786914126817.088,True,['A'],0,0,0,303,0,1,D,0,0,1338274444,0,0,0,0,0,190
0,0,0,0,0,0,0,0,0,1786914127438.445,True,['A'],0,0,0,339,0,0,E,0,0,3806078397,0,0,0,0,0,190
0,0,0,0,0,0,0,0,0,1786914128360.076,True,['A'],0,0,0,324,0,0,F,0,0,3609126526,0,0,0,0,0,190
0,0,0,0,0,0,0,0,0,1786914135395.0989,True,['A'],0,0,0,225,0,2,B,0,0,3177249399,0,0,0,0,0,200
0,0,0,0,0,0,3,0,0,1786914136365.105,True,['A'],0,0,0,394,0,0,C,0,0,2991270563,0,0,0,0,0,200
0,0,0,0,0,0,0,0,0,1786914136810.162,True,['A'],0,0,0,321,0,1,D,0,0,1338274444,0,0,0,0,0,200
421,0,0,1024,453,1024,0,0,0,1786914137359.205,True,['A'],0,5,807,290,386,0,A,0,0,3013422788,0,0,0,0,0,200
0,0,0,0,0,0,0,0,0,1786914137428.49,True,['A'],0,0,0,357,0,0,E,0,0,3806078397,0,0,0,0,0,200
0,0,0,0,0,0,0,0,0,1786914138363.173,True,['A'],0,0,0,342,0,0,F,0,0,3609126526,0,0,0,0,0,200
0,0,0,0,0,0,0,0,0,1786914145268.2148,True,['A'],0,0,0,242,0,2,B,0,0,3177249399,0,0,0,0,0,210
429,0,0,1024,463,1024,0,0,0,1786914145491.219,True,['A'],0,5,815,303,386,0,A,0,0,3013422788,0,0,0,0,0,210
0,0,0,0,0,0,2,0,0,1786914145950.206,True,['A'],0,0,0,417,0,0,C,0,0,2991270563,0,0,0,0,0,210
0,0,0,0,0,0,0,0,0,1786914146854.219,True,['A'],0,0,0,339,0,1,D,0,0,1338274444,0,0,0,0,0,210
0,0,0,0,0,0,0,0,0,1786914147476.565,True,['A'],0,0,0,375,0,0,E,0,0,3806078397,0,0,0,0,0,210
0,0,0,0,0,0,0,0,0,1786914148288.22,True,['A'],0,0,0,360,0,0,F,0,0,3609126526,0,0,0,0,0,210
0,0,0,0,0,0,0,0,0,1786914155436.259,True,['A'],0,0,0,259,0,2,B,0,0,3177249399,0,0,0,0,0,220
0,0,0,0,0,0,2,0,0,1786914155899.283,True,['A'],0,0,0,441,0,0,C,0,0,2991270563,0,0,0,0,0,220
0,0,0,0,0,0,0,0,0,1786914156926.268,True,['A'],0,0,0,357,0,1,D,0,0,1338274444,0,0,0,0,0,220
0,0,0,0,0,0,0,0,0,1786914157500.632,True,['A'],0,0,0,393,0,0,E,0,0,3806078397,0,0,0,0,0,220
0,0,0,0,0,0,0,0,0,1786914158304.252,True,['A'],0,0,0,378,0,0,F,0,0,3609126526,0,0,0,0,0,220
442,0,0,1024,477,1024,0,0,0,1786914158398.294,True,['A'],0,5,828,328,386,0,A,0,0,3013422788,0,0,0,0,0,220
0,0,0,0,0,0,0,0,0,1786914165263.325,True,['A'],0,0,0,276,0,2,B,0,0,3177249399,0,0,0,0,0,230
0,0,0,0,0,0,2,0,0,1786914165940.315,True,['A'],0,0,0,466,0,0,C,0,0,2991270563,0,0,0,0,0,230
450,0,0,1024,487,1024,0,0,0,1786914166535.362,True,['A'],0,5,836,341,386,0,A,0,0,3013422788,0,0,0,0,0,230
0,0,0,0,0,0,0,0,0,1786914166875.326,True,['A'],0,0,0,375,0,1,D,0,0,1338274444,0,0,0,0,0,230
0,0,0,0,0,0,0,0,0,1786914167508.718,True,['A'],0,0,0,411,0,0,E,0,0,3806078397,0,0,0,0,0,230
0,0,0,0,0,0,0,0,0,1786914168366.3782,True,['A'],0,0,0,396,0,0,F,0,0,3609126526,0,0,0,0,0,230
0,0,0,0,0,0,0,0,0,1786914175246.378,True,['A'],0,0,0,293,0,2,B,0,0,3177249399,0,0,0,0,0,240
459,0,0,1024,498,1024,0,0,0,1786914175632.426,True,['A'],0,5,845,356,386,0,A,0,0,3013422788,0,0,0,0,0,240
0,0,0,0,0,0,3,0,0,1786914176237.397,True,['A'],0,0,0,489,0,0,C,0,0,2991270563,0,0,0,0,0,240
0,0,0,0,0,0,0,0,0,1786914176946.438,True,['A'],0,0,0,393,0,1,D,0,0,1338274444,0,0,0,0,0,240
0,0,0,0,0,0,0,0,0,1786914177567.7742,True,['A'],0,0,0,429,0,0,E,0,0,3806078397,0,0,0,0,0,240
0,0,0,0,0,0,0,0,0,1786914178369.394,True,['A'],0,0,0,414,0,0,F,0,0,3609126526,0,0,0,0,0,240
0,0,0,0,0,0,0,0,0,1786914185312.491,True,['A'],0,0,0,310,0,2,B,0,0,3177249399,0,0,0,0,0,250
0,0,0,0,0,0,2,0,0,1786914185935.459,True,['A'],0,0,0,513,0,0,C,0,0,2991270563,0,0,0,0,0,250
0,0,0,0,0,0,0,0,0,1786914186867.51,True,['A'],0,0,0,411,0,1,D,0,0,1338274444,0,0,0,0,0,250
471,0,0,1024,511,1024,0,0,0,1786914187313.497,True,['A'],0,5,857,379,386,0,A,0,0,3013422788,0,0,0,0,0,250
0,0,0,0,0,0,0,0,0,1786914187617.838,True,['A'],0,0,0,447,0,0,E,0,0,3806078397,0,0,0,0,0,250
0,0,0,0,0,0,0,0,0,1786914188445.494,True,['A'],0,0,0,432,0,0,F,0,0,3609126526,0,0,0,0,0,250
0,0,0,0,0,0,0,0,0,1786914195411.511,True,['A'],0,0,0,327,0,2,B,0,0,3177249399,0,0,0,0,0,260
0,0,0,0,0,0,3,0,0,1786914196137.516,True,['A'],0,0,0,537,0,0,C,0,0,2991270563,0,0,0,0,0,260
480,0,0,1024,522,1024,0,0,0,1786914196501.5261,True,['A'],0,5,866,394,386,0,A,0,0,3013422788,0,0,0,0,0,260
0,0,0,0,0,0,0,0,0,1786914196856.52,True,['A'],0,0,0,429,0,1,D,0,0,1338274444,0,0,0,0,0,260
0,0,0,0,0,0,0,0,0,1786914197598.882,True,['A'],0,0,0,465,0,0,E,0,0,3806078397,0,0,0,0,0,260
0,0,0,0,0,0,0,0,0,1786914198314.555,True,['A'],0,0,0,450,0,0,F,0,0,3609126526,0,0,0,0,0,260
0,0,0,0,0,0,0,0,0,1786914205274.581,True,['A'],0,0,0,344,0,2,B,0,0,3177249399,0,0,0,0,0,270
489,0,0,1024,533,1024,0,0,0,1786914205555.622,True,['A'],0,5,875,409,386,0,A,0,0,3013422788,0,0,0,0,0,270
0,0,0,0,0,0,3,0,0,1786914206292.6062,True,['A'],0,0,0,562,0,0,C,0,0,2991270563,0,0,0,0,0,270
0,0,0,0,0,0,0,0,0,1786914206935.6238,True,['A'],0,0,0,447,0,1,D,0,0,1338274444,0,0,0,0,0,270
0,0,0,0,0,0,0,0,0,1786914207582.9548,True,['A'],0,0,0,483,0,0,E,0,0,3806078397,0,0,0,0,0,270
0,0,0,0,0,0,0,0,0,1786914208363.595,True,['A'],0,0,0,468,0,0,F,0,0,3609126526,0,0,0,0,0,270
0,0,0,0,0,0,0,0,0,1786914215087.6719,True,['A'],0,0,0,361,0,2,B,0,0,3177249399,0,0,0,0,0,280
0,0,0,0,0,0,3,0,0,1786914216012.634,True,['A'],0,0,0,585,0,0,C,0,0,2991270563,0,0,0,0,0,280
0,0,0,0,0,0,0,0,0,1786914216914.652,True,['A'],0,0,0,465,0,1,D,0,0,1338274444,0,0,0,0,0,280
0,0,0,0,0,0,0,0,0,1786914217571.016,True,['A'],0,0,0,501,0,0,E,0,0,3806078397,0,0,0,0,0,280
501,0,0,1024,546,1024,0,0,0,1786914217515.705,True,['A'],0,5,887,432,386,0,A,0,0,3013422788,0,0,0,0,0,280
0,0,0,0,0,0,0,0,0,1786914218303.6921,True,['A'],0,0,0,486,0,0,F,0,0,3609126526,0,0,0,0,0,280
0,0,0,0,0,0,0,0,0,1786914225332.72,True,['A'],0,0,0,378,0,2,B,0,0,3177249399,0,0,0,0,0,290
509,0,0,1024,556,1024,0,0,0,1786914225588.763,True,['A'],0,5,895,445,386,0,A,0,0,3013422788,0,0,0,0,0,290
0,0,0,0,0,0,3,0,0,1786914226210.761,True,['A'],0,0,0,610,0,0,C,0,0,2991270563,0,0,0,0,0,290
0,0,0,0,0,0,0,0,0,1786914226828.727,True,['A'],0,0,0,483,0,1,D,0,0,1338274444,0,0,0,0,0,290
0,0,0,0,0,0,0,0,0,1786914227493.088,True,['A'],0,0,0,519,0,0,E,0,0,3806078397,0,0,0,0,0,290
0,0,0,0,0,0,0,0,0,1786914228307.776,True,['A'],0,0,0,504,0,0,F,0,0,3609126526,0,0,0,0,0,290
0,0,0,0,0,0,0,0,0,1786914235286.7788,True,['A'],0,0,0,395,0,2,B,0,0,3177249399,0,0,0,0,0,300
0,0,0,0,0,0,3,0,0,1786914235989.831,True,['A'],0,0,0,633,0,0,C,0,0,2991270563,0,0,0,0,0,300
0,0,0,0,0,0,0,0,0,1786914236870.804,True,['A'],0,0,0,501,0,1,D,0,0,1338274444,0,0,0,0,0,300
0,0,0,0,0,0,0,0,0,1786914237506.147,True,['A'],0,0,0,537,0,0,E,0,0,3806078397,0,0,0,0,0,300
521,0,0,1024,569,1024,0,0,0,1786914237595.832,True,['A'],0,5,907,468,386,0,A,0,0,3013422788,0,0,0,0,0,300
0,0,0,0,0,0,0,0,0,1786914238324.832,True,['A'],0,0,0,522,0,0,F,0,0,3609126526,0,0,0,0,0,300
0,0,0,0,0,0,0,0,0,1786914245281.856,True,['A'],0,0,0,412,0,2,B,0,0,3177249399,0,0,0,0,0,310
0,0,0,0,0,0,3,0,0,1786914246309.844,True,['A'],0,0,0,658,0,0,C,0,0,2991270563,0,0,0,0,0,310
530,0,0,1024,580,1024,0,0,0,1786914246587.899,True,['A'],0,5,916,483,386,0,A,0,0,3013422788,0,0,0,0,0,310
0,0,0,0,0,0,0,0,0,1786914246935.858,True,['A'],0,0,0,519,0,1,D,0,0,1338274444,0,0,0,0,0,310
0,0,0,0,0,0,0,0,0,1786914247503.22,True,['A'],0,0,0,555,0,0,E,0,0,3806078397,0,0,0,0,0,310
0,0,0,0,0,0,0,0,0,1786914248353.889,True,['A'],0,0,0,540,0,0,F,0,0,3609126526,0,0,0,0,0,310
0,0,0,0,0,0,0,0,0,1786914255149.958,True,['A'],0,0,0,429,0,2,B,0,0,3177249399,0,0,0,0,0,320
0,0,0,0,0,0,3,0,0,1786914256054.909,True,['A'],0,0,0,680,0,0,C,0,0,2991270563,0,0,0,0,0,320
540,0,0,1024,591,1024,0,0,0,1786914256402.97,True,['A'],0,5,926,501,386,0,A,0,0,3013422788,0,0,0,0,0,320
0,0,0,0,0,0,0,0,0,1786914256885.966,True,['A'],0,0,0,537,0,1,D,0,0,1338274444,0,0,0,0,0,320
0,0,0,0,0,0,0,0,0,1786914257460.306,True,['A'],0,0,0,573,0,0,E,0,0,3806078397,0,0,0,0,0,320
0,0,0,0,0,0,0,0,0,1786914258303.937,True,['A'],0,0,0,558,0,0,F,0,0,3609126526,0,0,0,0,0,320
0,0,0,0,0,0,0,0,0,1786914265268.02,True,['A'],0,0,0,447,0,2,B,0,0,3177249399,0,0,0,0,0,330
0,0,0,0,0,0,3,0,0,1786914266004.066,True,['A'],0,0,0,701,0,0,C,0,0,2991270563,0,0,0,0,0,330
550,0,0,1024,602,1024,0,0,0,1786914266553.0332,True,['A'],0,5,936,520,386,0,A,0,0,3013422788,0,0,0,0,0,330
0,0,0,0,0,0,0,0,0,1786914266829.9912,True,['A'],0,0,0,555,0,1,D,0,0,1338274444,0,0,0,0,0,330
0,0,0,0,0,0,0,0,0,1786914267495.379,True,['A'],0,0,0,591,0,0,E,0,0,3806078397,0,0,0,0,0,330
0,0,0,0,0,0,0,0,0,1786914268372.0059,True,['A'],0,0,0,576,0,0,F,0,0,3609126526,0,0,0,0,0,330
0,0,0,0,0,0,0,0,0,1786914275225.08,True,['A'],0,0,0,464,0,2,B,0,0,3177249399,0,0,0,0,0,340
559,0,0,1024,613,1024,0,0,0,1786914275358.072,True,['A'],0,5,945,535,386,0,A,0,0,3013422788,0,0,0,0,0,340
0,0,0,0,0,0,3,0,0,1786914276194.098,True,['A'],0,0,0,725,0,0,C,0,0,2991270563,0,0,0,0,0,340
0,0,0,0,0,0,0,0,0,1786914276887.089,True,['A'],0,0,0,573,0,1,D,0,0,1338274444,0,0,0,0,0,340
0,0,0,0,0,0,0,0,0,1786914277499.421,True,['A'],0,0,0,609,0,0,E,0,0,3806078397,0,0,0,0,0,340
0,0,0,0,0,0,0,0,0,1786914278360.0571,True,['A'],0,0,0,594,0,0,F,0,0,3609126526,0,0,0,0,0,340
0,0,0,0,0,0,0,0,0,1786914285126.11,True,['A'],0,0,0,481,0,2,B,0,0,3177249399,0,0,0,0,0,350
0,0,0,0,0,0,3,0,0,1786914286076.104,True,['A'],0,0,0,749,0,0,C,0,0,2991270563,0,0,0,0,0,350
0,0,0,0,0,0,0,0,0,1786914286833.11,True,['A'],0,0,0,591,0,1,D,0,0,1338274444,0,0,0,0,0,350
0,0,0,0,0,0,0,0,0,1786914287529.502,True,['A'],0,0,0,627,0,0,E,0,0,3806078397,0,0,0,0,0,350
571,0,0,1024,626,1024,0,0,0,1786914287447.1792,True,['A'],0,5,957,558,386,0,A,0,0,3013422788,0,0,0,0,0,350
0,0,0,0,0,0,0,0,0,1786914288332.154,True,['A'],0,0,0,612,0,0,F,0,0,3609126526,0,0,0,0,0,350
0,0,0,0,0,0,0,0,0,1786914295188.186,True,['A'],0,0,0,499,0,2,B,0,0,3177249399,0,0,0,0,0,360
579,0,0,1024,636,1024,0,0,0,1786914295531.2222,True,['A'],0,5,965,571,386,0,A,0,0,3013422788,0,0,0,0,0,360
0,0,0,0,0,0,3,0,0,1786914296320.187,True,['A'],0,0,0,773,0,0,C,0,0,2991270563,0,0,0,0,0,360
0,0,0,0,0,0,0,0,0,1786914296891.231,True,['A'],0,0,0,609,0,1,D,0,0,1338274444,0,0,0,0,0,360
0,0,0,0,0,0,0,0,0,1786914297520.5679,True,['A'],0,0,0,645,0,0,E,0,0,3806078397,0,0,0,0,0,360
0,0,0,0,0,0,0,0,0,1786914298327.239,True,['A'],0,0,0,630,0,0,F,0,0,3609126526,0,0,0,0,0,360
0,0,0,0,0,0,0,0,0,1786914305183.248,True,['A'],0,0,0,517,0,2,B,0,0,3177249399,0,0,0,0,0,370
589,0,0,1024,648,1024,0,0,0,1786914305478.2852,True,['A'],0,5,975,588,386,0,A,0,0,3013422788,0,0,0,0,0,370
0,0,0,0,0,0,3,0,0,1786914306102.261,True,['A'],0,0,0,797,0,0,C,0,0,2991270563,0,0,0,0,0,370
0,0,0,0,0,0,0,0,0,1786914307015.2732,True,['A'],0,0,0,627,0,1,D,0,0,1338274444,0,0,0,0,0,370
0,0,0,0,0,0,0,0,0,1786914307524.636,True,['A'],0,0,0,663,0,0,E,0,0,3806078397,0,0,0,0,0,370
0,0,0,0,0,0,0,0,0,1786914308371.27,True,['A'],0,0,0,648,0,0,F,0,0,3609126526,0,0,0,0,0,370
0,0,0,0,0,0,0,0,0,1786914315364.35,True,['A'],0,0,0,535,0,2,B,0,0,3177249399,0,0,0,0,0,380
599,0,0,1024,659,1024,0,0,0,1786914315520.336,True,['A'],0,5,985,606,386,0,A,0,0,3013422788,0,0,0,0,0,380
0,0,0,0,0,0,3,0,0,1786914316233.316,True,['A'],0,0,0,822,0,0,C,0,0,2991270563,0,0,0,0,0,380
0,0,0,0,0,0,0,0,0,1786914316850.38,True,['A'],0,0,0,645,0,1,D,0,0,1338274444,0,0,0,0,0,380
0,0,0,0,0,0,0,0,0,1786914317615.684,True,['A'],0,0,0,681,0,0,E,0,0,3806078397,0,0,0,0,0,380
0,0,0,0,0,0,0,0,0,1786914318404.363,True,['A'],0,0,0,666,0,0,F,0,0,3609126526,0,0,0,0,0,380
0,0,0,0,0,0,0,0,0,1786914325132.37,True,['A'],0,0,0,552,0,2,B,0,0,3177249399,0,0,0,0,0,390
0,0,0,0,0,0,3,0,0,1786914326076.4312,True,['A'],0,0,0,845,0,0,C,0,0,2991270563,0,0,0,0,0,390
0,0,0,0,0,0,0,0,0,1786914326904.385,True,['A'],0,0,0,663,0,1,D,0,0,1338274444,0,0,0,0,0,390
0,0,0,0,0,0,0,0,0,1786914327528.7622,True,['A'],0,0,0,699,0,0,E,0,0,3806078397,0,0,0,0,0,390
0,0,0,0,0,0,0,0,0,1786914328328.423,True,['A'],0,0,0,684,0,0,F,0,0,3609126526,0,0,0,0,0,390
612,0,0,1024,673,1024,0,0,0,1786914328320.4219,True,['A'],0,5,998,631,386,0,A,0,0,3013422788,0,0,0,0,0,390
0,0,0,0,0,0,0,0,0,1786914335507.4512,True,['A'],0,0,0,570,0,2,B,0,0,3177249399,0,0,0,0,0,400
0,0,0,0,0,0,3,0,0,1786914336280.47,True,['A'],0,0,0,870,0,0,C,0,0,2991270563,0,0,0,0,0,400
620,0,0,1024,683,1024,0,0,0,1786914336521.497,True,['A'],0,5,1006,644,386,0,A,0,0,3013422788,0,0,0,0,0,400
0,0,0,0,0,0,0,0,0,1786914336852.498,True,['A'],0,0,0,681,0,1,D,0,0,1338274444,0,0,0,0,0,400
0,0,0,0,0,0,0,0,0,1786914337460.8108,True,['A'],0,0,0,717,0,0,E,0,0,3806078397,0,0,0,0,0,400
0,0,0,0,0,0,0,0,0,1786914338329.4438,True,['A'],0,0,0,702,0,0,F,0,0,3609126526,0,0,0,0,0,400
0,0,0,0,0,0,0,0,0,1786914345173.5488,True,['A'],0,0,0,587,0,2,B,0,0,3177249399,0,0,0,0,0,410
630,0,0,1024,695,1024,0,0,0,1786914346373.554,True,['A'],0,5,1016,661,386,0,A,0,0,3013422788,0,0,0,0,0,410
0,0,0,0,0,0,3,0,0,1786914346590.505,True,['A'],0,0,0,893,0,0,C,0,0,2991270563,0,0,0,0,0,410
0,0,0,0,0,0,0,0,0,1786914346862.511,True,['A'],0,0,0,699,0,1,D,0,0,1338274444,0,0,0,0,0,410
0,0,0,0,0,0,0,0,0,1786914347479.918,True,['A'],0,0,0,735,0,0,E,0,0,3806078397,0,0,0,0,0,410
0,0,0,0,0,0,0,0,0,1786914348459.5708,True,['A'],0,0,0,720,0,0,F,0,0,3609126526,0,0,0,0,0,410
0,0,0,0,0,0,0,0,0,1786914355653.5981,True,['A'],0,0,0,604,0,2,B,0,0,3177249399,0,0,0,0,0,420
639,0,0,1024,706,1024,0,0,0,1786914355818.6199,True,['A'],0,5,1025,676,386,0,A,0,0,3013422788,0,0,0,0,0,420
0,0,0,0,0,0,3,0,0,1786914356293.58,True,['A'],0,0,0,916,0,0,C,0,0,2991270563,0,0,0,0,0,420
0,0,0,0,0,0,0,0,0,1786914356856.604,True,['A'],0,0,0,717,0,1,D,0,0,1338274444,0,0,0,0,0,420
0,0,0,0,0,0,0,0,0,1786914357517.962,True,['A'],0,0,0,753,0,0,E,0,0,3806078397,0,0,0,0,0,420
0,0,0,0,0,0,0,0,0,1786914358393.6328,True,['A'],0,0,0,738,0,0,F,0,0,3609126526,0,0,0,0,0,420
650,0,0,1024,720,1024,0,0,0,1786914366116.686,True,['A'],0,5,1036,693,386,0,A,0,0,3013422788,0,0,0,0,0,430
0,0,0,0,0,0,0,0,0,1786914365955.689,True,['A'],0,0,0,621,0,2,B,0,0,3177249399,0,0,0,0,0,430
0,0,0,0,0,0,3,0,0,1786914366517.69,True,['A'],0,0,0,939,0,0,C,0,0,2991270563,0,0,0,0,0,430
0,0,0,0,0,0,0,0,0,1786914367406.667,True,['A'],0,0,0,735,0,1,D,0,0,1338274444,0,0,0,0,0,430
0,0,0,0,0,0,0,0,0,1786914367417.0288,True,['A'],0,0,0,771,0,0,E,0,0,3806078397,0,0,0,0,0,430
0,0,0,0,0,0,0,0,0,1786914368668.705,True,['A'],0,0,0,756,0,0,F,0,0,3609126526,0,0,0,0,0,430
0,0,0,0,0,0,3,0,0,1786914376292.714,True,['A'],0,0,0,959,0,0,C,0,0,2991270563,0,0,0,0,0,440
0,0,0,0,0,0,0,0,0,1786914376909.751,True,['A'],0,0,0,636,0,2,B,0,0,3177249399,0,0,0,0,0,440
661,0,0,1024,734,1024,0,0,0,1786914376993.738,True,['A'],0,5,1047,710,386,0,A,0,0,3013422788,0,0,0,0,0,440
0,0,0,0,0,0,0,0,0,1786914377715.086,True,['A'],0,0,0,789,0,0,E,0,0,3806078397,0,0,0,0,0,440
0,0,0,0,0,0,0,0,0,1786914377666.734,True,['A'],0,0,0,752,0,1,D,0,0,1338274444,0,0,0,0,0,440
0,0,0,0,0,0,0,0,0,1786914378677.753,True,['A'],0,0,0,774,0,0,F,0,0,3609126526,0,0,0,0,0,440
0,0,0,0,0,0,3,0,0,1786914386464.7888,True,['A'],0,0,0,983,0,0,C,0,0,2991270563,0,0,0,0,0,450
0,0,0,0,0,0,0,0,0,1786914386468.781,True,['A'],0,0,0,645,0,2,B,0,0,3177249399,0,0,0,0,0,450
0,0,0,0,0,0,0,0,0,1786914387610.1538,True,['A'],0,0,0,807,0,0,E,0,0,3806078397,0,0,0,0,0,450
0,0,0,0,0,0,0,0,0,1786914387834.834,True,['A'],0,0,0,769,0,1,D,0,0,1338274444,0,0,0,0,0,450
0,0,0,0,0,0,0,0,0,1786914388582.798,True,['A'],0,0,0,792,0,0,F,0,0,3609126526,0,0,0,0,0,450
673,0,0,1024,748,1024,0,0,0,1786914389198.817,True,['A'],0,5,1059,731,386,0,A,0,0,3013422788,0,0,0,0,0,450
0,0,0,0,0,0,3,0,0,1786914396264.828,True,['A'],0,0,0,1005,0,0,C,0,0,2991270563,0,0,0,0,0,460
0,0,0,0,0,0,0,0,0,1786914396303.887,True,['A'],0,0,0,659,0,2,B,0,0,3177249399,0,0,0,0,0,460
0,0,0,0,0,0,0,0,0,1786914397617.2148,True,['A'],0,0,0,825,0,0,E,0,0,3806078397,0,0,0,0,0,460
0,0,0,0,0,0,0,0,0,1786914398432.88,True,['A'],0,0,0,786,0,1,D,0,0,1338274444,0,0,0,0,0,460
0,0,0,0,0,0,0,0,0,1786914398609.896,True,['A'],0,0,0,810,0,0,F,0,0,3609126526,0,0,0,0,0,460
682,0,0,1024,759,1024,0,0,0,1786914398856.93,True,['A'],0,5,1068,746,386,0,A,0,0,3013422788,0,0,0,0,0,460
689,0,0,1024,769,1024,0,0,0,1786914405461.9492,True,['A'],0,5,1075,755,386,0,A,0,0,3013422788,0,0,0,0,0,470
0,0,0,0,0,0,0,0,0,1786914405517.944,True,['A'],0,0,0,669,0,2,B,0,0,3177249399,0,0,0,0,0,470
0,0,0,0,0,0,2,0,0,1786914405839.931,True,['A'],0,0,0,1026,0,0,C,0,0,2991270563,0,0,0,0,0,470
0,0,0,0,0,0,0,0,0,1786914406448.911,True,['A'],0,0,0,802,0,1,D,0,0,1338274444,0,0,0,0,0,470
0,0,0,0,0,0,0,0,0,1786914407245.314,True,['A'],0,0,0,843,0,0,E,0,0,3806078397,0,0,0,0,0,470
0,0,0,0,0,0,0,0,0,1786914408157.959,True,['A'],0,0,0,828,0,0,F,0,0,3609126526,0,0,0,0,0,470
0,0,0,0,0,0,0,0,0,1786914414688.0022,True,['A'],0,0,0,686,0,2,B,0,0,3177249399,0,0,0,0,0,480
0,0,0,0,0,0,0,0,0,1786914415175.976,True,['A'],0,0,0,1047,0,0,C,0,0,2991270563,0,0,0,0,0,480
699,0,0,1024,782,1024,0,0,0,1786914415132.029,True,['A'],0,5,1085,772,386,0,A,0,0,3013422788,0,0,0,0,0,480
0,0,0,0,0,0,0,0,0,1786914416199.96,True,['A'],0,0,0,820,0,1,D,0,0,1338274444,0,0,0,0,0,480
0,0,0,0,0,0,0,0,0,1786914416958.344,True,['A'],0,0,0,861,0,0,E,0,0,3806078397,0,0,0,0,0,480
0,0,0,0,0,0,0,0,0,1786914418038.9731,True,['A'],0,0,0,846,0,0,F,0,0,3609126526,0,0,0,0,0,480
0,0,0,0,0,0,0,0,0,1786914424660.065,True,['A'],0,0,0,704,0,2,B,0,0,3177249399,0,0,0,0,0,490
0,0,0,0,0,0,0,0,0,1786914425113.0469,True,['A'],0,0,0,1066,0,0,C,0,0,2991270563,0,0,0,0,0,490
709,0,0,1024,792,1024,0,0,0,1786914425172.086,True,['A'],0,5,1095,793,386,0,A,0,0,3013422788,0,0,0,0,0,490
0,0,0,0,0,0,0,0,0,1786914426530.043,True,['A'],0,0,0,839,0,1,D,0,0,1338274444,0,0,0,0,0,490
0,0,0,0,0,0,0,0,0,1786914427003.422,True,['A'],0,0,0,880,0,0,E,0,0,3806078397,0,0,0,0,0,490
0,0,0,0,0,0,0,0,0,1786914428022.0598,True,['A'],0,0,0,865,0,0,F,0,0,3609126526,0,0,0,0,0,490
0,0,0,0,0,0,0,0,0,1786914434921.101,True,['A'],0,0,0,722,0,2,B,0,0,3177249399,0,0,0,0,0,500
0,0,0,0,0,0,0,0,0,1786914435031.137,True,['A'],0,0,0,1085,0,0,C,0,0,2991270563,0,0,0,0,0,500
719,0,0,1024,802,1024,0,0,0,1786914435113.142,True,['A'],0,5,1105,814,386,0,A,0,0,3013422788,0,0,0,0,0,500
0,0,0,0,0,0,0,0,0,1786914436359.142,True,['A'],0,0,0,857,0,1,D,0,0,1338274444,0,0,0,0,0,500
0,0,0,0,0,0,0,0,0,1786914437035.495,True,['A'],0,0,0,899,0,0,E,0,0,3806078397,0,0,0,0,0,500
0,0,0,0,0,0,0,0,0,1786914438134.147,True,['A'],0,0,0,884,0,0,F,0,0,3609126526,0,0,0,0,0,500
0,0,0,0,0,0,0,0,0,1786914445354.1802,True,['A'],0,0,0,1104,0,0,C,0,0,2991270563,0,0,0,0,0,510
0,0,0,0,0,0,0,0,0,1786914447747.177,True,['A'],0,0,0,875,0,1,D,0,0,1338274444,0,0,0,0,0,510
0,0,0,0,0,0,0,0,0,1786914447959.541,True,['A'],0,0,0,918,0,0,E,0,0,3806078397,0,0,0,0,0,510
0,0,0,0,0,0,0,0,0,1786914449575.203,True,['A'],0,0,0,903,0,0,F,0,0,3609126526,0,0,0,0,0,510
0,0,0,0,0,0,0,0,0,1786914449134.208,True,['A'],0,0,0,740,0,2,B,0,0,3177249399,0,0,0,0,0,510
0,0,0,0,0,0,0,0,0,1786914455588.2249,True,['A'],0,0,0,1123,0,0,C,0,0,2991270563,0,0,0,0,0,520
0,0,0,0,0,0,0,0,0,1786914457968.266,True,['A'],0,0,0,892,0,1,D,0,0,1338274444,0,0,0,0,0,520
0,0,0,0,0,0,0,0,0,1786914457851.6199,True,['A'],0,0,0,936,0,0,E,0,0,3806078397,0,0,0,0,0,520
0,0,0,0,0,0,0,0,0,1786914459388.278,True,['A'],0,0,0,920,0,0,F,0,0,3609126526,0,0,0,0,0,520
0,0,0,0,0,0,0,0,0,1786914459657.252,True,['A'],0,0,0,746,0,2,B,0,0,3177249399,0,0,0,0,0,520
0,0,0,0,0,0,0,0,0,1786914465406.301,True,['A'],0,0,0,1141,0,0,C,0,0,2991270563,0,0,0,0,0,530
0,0,0,0,0,0,0,0,0,1786914467682.679,True,['A'],0,0,0,954,0,0,E,0,0,3806078397,0,0,0,0,0,530
0,0,0,0,0,0,0,0,0,1786914468050.362,True,['A'],0,0,0,909,0,1,D,0,0,1338274444,0,0,0,0,0,530
0,0,0,0,0,0,0,0,0,1786914469047.3809,True,['A'],0,0,0,937,0,0,F,0,0,3609126526,0,0,0,0,0,530
0,0,0,0,0,0,0,0,0,1786914470005.3699,True,['A'],0,0,0,751,0,2,B,0,0,3177249399,0,0,0,0,0,530
0,0,0,0,0,0,0,0,0,1786914475414.352,True,['A'],0,0,0,1159,0,0,C,0,0,2991270563,0,0,0,0,0,540
0,0,0,0,0,0,0,0,0,1786914477778.82,True,['A'],0,0,0,972,0,0,E,0,0,3806078397,0,0,0,0,0,540
0,0,0,0,0,0,0,0,0,1786914478033.405,True,['A'],0,0,0,925,0,1,D,0,0,1338274444,0,0,0,0,0,540
0,0,0,0,0,0,0,0,0,1786914479281.3809,True,['A'],0,0,0,954,0,0,F,0,0,3609126526,0,0,0,0,0,540
0,0,0,0,0,0,0,0,0,1786914479440.396,True,['A'],0,0,0,755,0,2,B,0,0,3177249399,0,0,0,0,0,540
0,0,0,0,0,0,0,0,0,1786914485352.4402,True,['A'],0,0,0,1177,0,0,C,0,0,2991270563,0,0,0,0,0,550
0,0,0,0,0,0,0,0,0,1786914487615.812,True,['A'],0,0,0,990,0,0,E,0,0,3806078397,0,0,0,0,0,550
0,0,0,0,0,0,0,0,0,1786914488101.469,True,['A'],0,0,0,941,0,1,D,0,0,1338274444,0,0,0,0,0,550
0,0,0,0,0,0,0,0,0,1786914488944.449,True,['A'],0,0,0,760,0,2,B,0,0,3177249399,0,0,0,0,0,550
0,0,0,0,0,0,0,0,0,1786914489757.4502,True,['A'],0,0,0,971,0,0,F,0,0,3609126526,0,0,0,0,0,550
0,0,0,0,0,0,0,0,0,1786914495427.5278,True,['A'],0,0,0,1195,0,0,C,0,0,2991270563,0,0,0,0,0,560
0,0,0,0,0,0,0,0,0,1786914497746.539,True,['A'],0,0,0,954,0,1,D,0,0,1338274444,0,0,0,0,0,560
0,0,0,0,0,0,0,0,0,1786914498285.888,True,['A'],0,0,0,1008,0,0,E,0,0,3806078397,0,0,0,0,0,560
0,0,0,0,0,0,0,0,0,1786914499720.531,True,['A'],0,0,0,987,0,0,F,0,0,3609126526,0,0,0,0,0,560
0,0,0,0,0,0,0,0,0,1786914499947.5369,True,['A'],0,0,0,766,0,2,B,0,0,3177249399,0,0,0,0,0,560
0,0,0,0,0,0,0,0,0,1786914504656.624,True,['A'],0,0,0,771,0,2,B,0,0,3177249399,0,0,0,0,0,570
0,0,0,0,0,0,0,0,0,1786914505076.592,True,['A'],0,0,0,1213,0,0,C,0,0,2991270563,0,0,0,0,0,570
0,0,0,0,0,0,0,0,0,1786914506410.583,True,['A'],0,0,0,965,0,1,D,0,0,1338274444,0,0,0,0,0,570
0,0,0,0,0,0,0,0,0,1786914507057.96,True,['A'],0,0,0,1025,0,0,E,0,0,3806078397,0,0,0,0,0,570
1391,0,0,1024,2125,1024,0,0,0,1786914507106.628,True,['A'],0,5,1777,855,386,0,A,0,0,3013422788,0,0,0,0,0,570
0,0,0,0,0,0,0,0,0,1786914508068.5981,True,['A'],0,0,0,1004,0,0,F,0,0,3609126526,0,0,0,0,0,570
0,0,0,0,0,0,0,0,0,1786914514900.677,True,['A'],0,0,0,784,0,2,B,0,0,3177249399,0,0,0,0,0,580
0,0,0,0,0,0,0,0,0,1786914515126.667,True,['A'],0,0,0,1232,0,0,C,0,0,2991270563,0,0,0,0,0,580
1400,0,0,1024,2135,1024,0,0,0,1786914516057.689,True,['A'],0,5,1786,872,386,0,A,0,0,3013422788,0,0,0,0,0,580
0,0,0,0,0,0,0,0,0,1786914516476.677,True,['A'],0,0,0,983,0,1,D,0,0,1338274444,0,0,0,0,0,580
0,0,0,0,0,0,0,0,0,1786914516916.011,True,['A'],0,0,0,1044,0,0,E,0,0,3806078397,0,0,0,0,0,580
0,0,0,0,0,0,0,0,0,1786914518137.644,True,['A'],0,0,0,1023,0,0,F,0,0,3609126526,0,0,0,0,0,580
0,0,0,0,0,0,0,0,0,1786914524539.704,True,['A'],0,0,0,802,0,2,B,0,0,3177249399,0,0,0,0,0,590
0,0,0,0,0,0,0,0,0,1786914525181.706,True,['A'],0,0,0,1251,0,0,C,0,0,2991270563,0,0,0,0,0,590
1410,0,0,1024,2145,1024,0,0,0,1786914526063.77,True,['A'],0,5,1796,893,386,0,A,0,0,3013422788,0,0,0,0,0,590
0,0,0,0,0,0,0,0,0,1786914526339.757,True,['A'],0,0,0,1001,0,1,D,0,0,1338274444,0,0,0,0,0,590
0,0,0,0,0,0,0,0,0,1786914526923.074,True,['A'],0,0,0,1063,0,0,E,0,0,3806078397,0,0,0,0,0,590
0,0,0,0,0,0,0,0,0,1786914528128.745,True,['A'],0,0,0,1041,0,0,F,0,0,3609126526,0,0,0,0,0,590
0,0,0,0,0,0,0,0,0,1786914534833.78,True,['A'],0,0,0,820,0,2,B,0,0,3177249399,0,0,0,0,0,600
0,0,0,0,0,0,0,0,0,1786914535138.752,True,['A'],0,0,0,1270,0,0,C,0,0,2991270563,0,0,0,0,0,600
1419,0,0,1024,2153,1024,0,0,0,1786914535871.798,True,['A'],0,5,1805,914,386,0,A,0,0,3013422788,0,0,0,0,0,600
0,0,0,0,0,0,0,0,0,1786914536179.7668,True,['A'],0,0,0,1019,0,1,D,0,0,1338274444,0,0,0,0,0,600
0,0,0,0,0,0,0,0,0,1786914537012.1401,True,['A'],0,0,0,1082,0,0,E,0,0,3806078397,0,0,0,0,0,600
0,0,0,0,0,0,0,0,0,1786914538128.791,True,['A'],0,0,0,1060,0,0,F,0,0,3609126526,0,0,0,0,0,600
0,0,0,0,0,0,0,0,0,1786914544663.853,True,['A'],0,0,0,838,0,2,B,0,0,3177249399,0,0,0,0,0,610
0,0,0,0,0,0,0,0,0,1786914545157.816,True,['A'],0,0,0,1289,0,0,C,0,0,2991270563,0,0,0,0,0,610
1429,0,0,1024,2164,1024,0,0,0,1786914545162.857,True,['A'],0,5,1815,933,386,0,A,0,0,3013422788,0,0,0,0,0,610
0,0,0,0,0,0,0,0,0,1786914546170.8281,True,['A'],0,0,0,1037,0,1,D,0,0,1338274444,0,0,0,0,0,610
0,0,0,0,0,0,0,0,0,1786914547045.206,True,['A'],0,0,0,1101,0,0,E,0,0,3806078397,0,0,0,0,0,610
0,0,0,0,0,0,0,0,0,1786914548042.876,True,['A'],0,0,0,1079,0,0,F,0,0,3609126526,0,0,0,0,0,610
0,0,0,0,0,0,0,0,0,1786914554723.9038,True,['A'],0,0,0,856,0,2,B,0,0,3177249399,0,0,0,0,0,620
1438,0,0,1024,2171,1024,0,0,0,1786914554900.928,True,['A'],0,5,1824,954,386,0,A,0,0,3013422788,0,0,0,0,0,620
0,0,0,0,0,0,0,0,0,1786914555181.893,True,['A'],0,0,0,1308,0,0,C,0,0,2991270563,0,0,0,0,0,620
0,0,0,0,0,0,0,0,0,1786914556156.901,True,['A'],0,0,0,1056,0,1,D,0,0,1338274444,0,0,0,0,0,620
0,0,0,0,0,0,0,0,0,1786914557093.273,True,['A'],0,0,0,1120,0,0,E,0,0,3806078397,0,0,0,0,0,620
0,0,0,0,0,0,0,0,0,1786914558377.923,True,['A'],0,0,0,1098,0,0,F,0,0,3609126526,0,0,0,0,0,620
0,0,0,0,0,0,0,0,0,1786914564692.995,True,['A'],0,0,0,874,0,2,B,0,0,3177249399,0,0,0,0,0,630
0,0,0,0,0,0,0,0,0,1786914565147.999,True,['A'],0,0,0,1327,0,0,C,0,0,2991270563,0,0,0,0,0,630
0,0,0,0,0,0,0,0,0,1786914566333.998,True,['A'],0,0,0,1075,0,1,D,0,0,1338274444,0,0,0,0,0,630
1450,0,0,1024,2182,1024,0,0,0,1786914566948.999,True,['A'],0,5,1836,981,386,0,A,0,0,3013422788,0,0,0,0,0,630
0,0,0,0,0,0,0,0,0,1786914567114.353,True,['A'],0,0,0,1139,0,0,E,0,0,3806078397,0,0,0,0,0,630
0,0,0,0,0,0,0,0,0,1786914568250.978,True,['A'],0,0,0,1116,0,0,F,0,0,3609126526,0,0,0,0,0,630
0,0,0,0,0,0,0,0,0,1786914574802.0288,True,['A'],0,0,0,892,0,2,B,0,0,3177249399,0,0,0,0,0,640
0,0,0,0,0,0,0,0,0,1786914575086.0342,True,['A'],0,0,0,1346,0,0,C,0,0,2991270563,0,0,0,0,0,640
0,0,0,0,0,0,0,0,0,1786914576185.0679,True,['A'],0,0,0,1093,0,1,D,0,0,1338274444,0,0,0,0,0,640
1460,0,0,1024,2193,1024,0,0,0,1786914576218.084,True,['A'],0,5,1846,1000,386,0,A,0,0,3013422788,0,0,0,0,0,640
0,0,0,0,0,0,0,0,0,1786914576895.397,True,['A'],0,0,0,1158,0,0,E,0,0,3806078397,0,0,0,0,0,640
0,0,0,0,0,0,0,0,0,1786914578166.035,True,['A'],0,0,0,1134,0,0,F,0,0,3609126526,0,0,0,0,0,640
0,0,0,0,0,0,0,0,0,1786914584747.145,True,['A'],0,0,0,910,0,2,B,0,0,3177249399,0,0,0,0,0,650
0,0,0,0,0,0,0,0,0,1786914585088.0999,True,['A'],0,0,0,1365,0,0,C,0,0,2991270563,0,0,0,0,0,650
0,0,0,0,0,0,0,0,0,1786914586197.123,True,['A'],0,0,0,1112,0,1,D,0,0,1338274444,0,0,0,0,0,650
0,0,0,0,0,0,0,0,0,1786914586990.505,True,['A'],0,0,0,1177,0,0,E,0,0,3806078397,0,0,0,0,0,650
1470,0,0,1024,2202,1024,0,0,0,1786914586887.136,True,['A'],0,5,1856,1023,386,0,A,0,0,3013422788,0,0,0,0,0,650
0,0,0,0,0,0,0,0,0,1786914588099.137,True,['A'],0,0,0,1152,0,0,F,0,0,3609126526,0,0,0,0,0,650
0,0,0,0,0,0,0,0,0,1786914595105.154,True,['A'],0,0,0,1384,0,0,C,0,0,2991270563,0,0,0,0,0,660
0,0,0,0,0,0,0,0,0,1786914594855.208,True,['A'],0,0,0,928,0,2,B,0,0,3177249399,0,0,0,0,0,660
1479,0,0,1024,2212,1024,0,0,0,1786914595359.207,True,['A'],0,5,1865,1039,386,0,A,0,0,3013422788,0,0,0,0,0,660
0,0,0,0,0,0,0,0,0,1786914596259.218,True,['A'],0,0,0,1131,0,1,D,0,0,1338274444,0,0,0,0,0,660
0,0,0,0,0,0,0,0,0,1786914596980.551,True,['A'],0,0,0,1196,0,0,E,0,0,3806078397,0,0,0,0,0,660
0,0,0,0,0,0,0,0,0,1786914598155.217,True,['A'],0,0,0,1171,0,0,F,0,0,3609126526,0,0,0,0,0,660
0,0,0,0,0,0,0,0,0,1786914604788.2039,True,['A'],0,0,0,946,0,2,B,0,0,3177249399,0,0,0,0,0,670
0,0,0,0,0,0,0,0,0,1786914605020.22,True,['A'],0,0,0,1403,0,0,C,0,0,2991270563,0,0,0,0,0,670
0,0,0,0,0,0,0,0,0,1786914606671.217,True,['A'],0,0,0,1149,0,1,D,0,0,1338274444,0,0,0,0,0,670
0,0,0,0,0,0,0,0,0,1786914607249.6008,True,['A'],0,0,0,1215,0,0,E,0,0,3806078397,0,0,0,0,0,670
1492,0,0,1024,2225,1024,0,0,0,1786914608075.279,True,['A'],0,5,1878,1066,386,0,A,0,0,3013422788,0,0,0,0,0,670
0,0,0,0,0,0,0,0,0,1786914608189.248,True,['A'],0,0,0,1189,0,0,F,0,0,3609126526,0,0,0,0,0,670
0,0,0,0,0,0,0,0,0,1786914615082.347,True,['A'],0,0,0,964,0,2,B,0,0,3177249399,0,0,0,0,0,680
0,0,0,0,0,0,8,0,0,1786914616451.298,True,['A'],0,0,0,1422,0,0,C,0,0,2991270563,0,0,0,0,0,680
1500,0,0,1024,2241,1024,0,0,0,1786914616879.333,True,['A'],0,5,1886,1072,386,0,A,0,0,3013422788,0,0,0,0,0,680
0,0,0,0,0,0,0,0,0,1786914617069.669,True,['A'],0,0,0,1234,0,0,E,0,0,3806078397,0,0,0,0,0,680
0,0,0,0,0,0,0,0,0,1786914618271.3289,True,['A'],0,0,0,1207,0,0,F,0,0,3609126526,0,0,0,0,0,680
0,0,0,0,0,0,0,0,0,1786914619049.34,True,['A'],0,0,0,1168,0,1,D,0,0,1338274444,0,0,0,0,0,680
0,0,0,0,0,0,0,0,0,1786914624825.349,True,['A'],0,0,0,981,0,2,B,0,0,3177249399,0,0,0,0,0,690
0,0,0,0,0,0,5,0,0,1786914626240.387,True,['A'],0,0,0,1449,0,0,C,0,0,2991270563,0,0,0,0,0,690
1510,0,0,1024,2257,1024,0,0,0,1786914626168.4312,True,['A'],0,5,1896,1085,386,0,A,0,0,3013422788,0,0,0,0,0,690
0,0,0,0,0,0,0,0,0,1786914626718.397,True,['A'],0,0,0,1184,0,1,D,0,0,1338274444,0,0,0,0,0,690
0,0,0,0,0,0,0,0,0,1786914626892.7231,True,['A'],0,0,0,1253,0,0,E,0,0,3806078397,0,0,0,0,0,690
0,0,0,0,0,0,0,0,0,1786914628171.361,True,['A'],0,0,0,1225,0,0,F,0,0,3609126526,0,0,0,0,0,690
0,0,0,0,0,0,0,0,0,1786914634861.4321,True,['A'],0,0,0,999,0,2,B,0,0,3177249399,0,0,0,0,0,700
0,0,0,0,0,0,2,0,0,1786914635640.44,True,['A'],0,0,0,1474,0,0,C,0,0,2991270563,0,0,0,0,0,700
0,0,0,0,0,0,0,0,0,1786914636780.4639,True,['A'],0,0,0,1202,0,1,D,0,0,1338274444,0,0,0,0,0,700
0,0,0,0,0,0,0,0,0,1786914637184.7761,True,['A'],0,0,0,1272,0,0,E,0,0,3806078397,0,0,0,0,0,700
1521,0,0,1024,2268,1024,0,0,0,1786914637148.46,True,['A'],0,5,1907,1108,386,0,A,0,0,3013422788,0,0,0,0,0,700
0,0,0,0,0,0,0,0,0,1786914638121.471,True,['A'],0,0,0,1243,0,0,F,0,0,3609126526,0,0,0,0,0,700
0,0,0,0,0,0,0,0,0,1786914645033.507,True,['A'],0,0,0,1017,0,2,B,0,0,3177249399,0,0,0,0,0,710
0,0,0,0,0,0,2,0,0,1786914645545.48,True,['A'],0,0,0,1502,0,0,C,0,0,2991270563,0,0,0,0,0,710
1529,0,0,1024,2276,1024,0,0,0,1786914645871.5159,True,['A'],0,5,1915,1125,386,0,A,0,0,3013422788,0,0,0,0,0,710
0,0,0,0,0,0,0,0,0,1786914646719.528,True,['A'],0,0,0,1220,0,1,D,0,0,1338274444,0,0,0,0,0,710
0,0,0,0,0,0,0,0,0,1786914646941.842,True,['A'],0,0,0,1291,0,0,E,0,0,3806078397,0,0,0,0,0,710
0,0,0,0,0,0,0,0,0,1786914648175.486,True,['A'],0,0,0,1261,0,0,F,0,0,3609126526,0,0,0,0,0,710
0,0,0,0,0,0,0,0,0,1786914654653.5571,True,['A'],0,0,0,1035,0,2,B,0,0,3177249399,0,0,0,0,0,720
0,0,0,0,0,0,2,0,0,1786914655619.533,True,['A'],0,0,0,1530,0,0,C,0,0,2991270563,0,0,0,0,0,720
1540,0,0,1024,2287,1024,0,0,0,1786914656403.564,True,['A'],0,5,1926,1146,386,0,A,0,0,3013422788,0,0,0,0,0,720
0,0,0,0,0,0,0,0,0,1786914656702.552,True,['A'],0,0,0,1238,0,1,D,0,0,1338274444,0,0,0,0,0,720
0,0,0,0,0,0,0,0,0,1786914656900.903,True,['A'],0,0,0,1310,0,0,E,0,0,3806078397,0,0,0,0,0,720
0,0,0,0,0,0,0,0,0,1786914658172.542,True,['A'],0,0,0,1279,0,0,F,0,0,3609126526,0,0,0,0,0,720
0,0,0,0,0,0,0,0,0,1786914664636.6438,True,['A'],0,0,0,1053,0,2,B,0,0,3177249399,0,0,0,0,0,730
1549,0,0,1024,2297,1024,0,0,0,1786914665209.6318,True,['A'],0,5,1935,1163,386,0,A,0,0,3013422788,0,0,0,0,0,730
0,0,0,0,0,0,2,0,0,1786914665637.5862,True,['A'],0,0,0,1558,0,0,C,0,0,2991270563,0,0,0,0,0,730
0,0,0,0,0,0,0,0,0,1786914666806.585,True,['A'],0,0,0,1256,0,1,D,0,0,1338274444,0,0,0,0,0,730
0,0,0,0,0,0,0,0,0,1786914667198.988,True,['A'],0,0,0,1329,0,0,E,0,0,3806078397,0,0,0,0,0,730
0,0,0,0,0,0,0,0,0,1786914668160.6592,True,['A'],0,0,0,1297,0,0,F,0,0,3609126526,0,0,0,0,0,730
0,0,0,0,0,0,0,0,0,1786914674683.675,True,['A'],0,0,0,1071,0,2,B,0,0,3177249399,0,0,0,0,0,740
0,0,0,0,0,0,2,0,0,1786914675552.639,True,['A'],0,0,0,1586,0,0,C,0,0,2991270563,0,0,0,0,0,740
1560,0,0,1024,2308,1024,0,0,0,1786914676072.71,True,['A'],0,5,1946,1186,386,0,A,0,0,3013422788,0,0,0,0,0,740
0,0,0,0,0,0,0,0,0,1786914676796.663,True,['A'],0,0,0,1274,0,1,D,0,0,1338274444,0,0,0,0,0,740
0,0,0,0,0,0,0,0,0,1786914677023.0579,True,['A'],0,0,0,1348,0,0,E,0,0,3806078397,0,0,0,0,0,740
0,0,0,0,0,0,0,0,0,1786914678186.7039,True,['A'],0,0,0,1315,0,0,F,0,0,3609126526,0,0,0,0,0,740
0,0,0,0,0,0,0,0,0,1786914684678.698,True,['A'],0,0,0,1089,0,2,B,0,0,3177249399,0,0,0,0,0,750
0,0,0,0,0,0,2,0,0,1786914685542.748,True,['A'],0,0,0,1614,0,0,C,0,0,2991270563,0,0,0,0,0,750
1570,0,0,1024,2318,1024,0,0,0,1786914686174.7651,True,['A'],0,5,1956,1207,386,0,A,0,0,3013422788,0,0,0,0,0,750
0,0,0,0,0,0,0,0,0,1786914686779.7761,True,['A'],0,0,0,1292,0,1,D,0,0,1338274444,0,0,0,0,0,750
0,0,0,0,0,0,0,0,0,1786914687111.1099,True,['A'],0,0,0,1367,0,0,E,0,0,3806078397,0,0,0,0,0,750
0,0,0,0,0,0,0,0,0,1786914688211.7642,True,['A'],0,0,0,1333,0,0,F,0,0,3609126526,0,0,0,0,0,750
0,0,0,0,0,0,0,0,0,1786914694589.815,True,['A'],0,0,0,1107,0,2,B,0,0,3177249399,0,0,0,0,0,760
0,0,0,0,0,0,2,0,0,1786914695556.8062,True,['A'],0,0,0,1642,0,0,C,0,0,2991270563,0,0,0,0,0,760
1580,0,0,1024,2328,1024,0,0,0,1786914696209.848,True,['A'],0,5,1966,1228,386,0,A,0,0,3013422788,0,0,0,0,0,760
0,0,0,0,0,0,0,0,0,1786914696739.787,True,['A'],0,0,0,1310,0,1,D,0,0,1338274444,0,0,0,0,0,760
0,0,0,0,0,0,0,0,0,1786914696914.145,True,['A'],0,0,0,1386,0,0,E,0,0,3806078397,0,0,0,0,0,760
0,0,0,0,0,0,0,0,0,1786914698095.834,True,['A'],0,0,0,1351,0,0,F,0,0,3609126526,0,0,0,0,0,760
0,0,0,0,0,0,0,0,0,1786914704389.82,True,['A'],0,0,0,1125,0,2,B,0,0,3177249399,0,0,0,0,0,770
0,0,0,0,0,0,2,0,0,1786914705521.857,True,['A'],0,0,0,1670,0,0,C,0,0,2991270563,0,0,0,0,0,770
1590,0,0,1024,2338,1024,0,0,0,1786914706313.887,True,['A'],0,5,1976,1249,386,0,A,0,0,3013422788,0,0,0,0,0,770
0,0,0,0,0,0,0,0,0,1786914706744.865,True,['A'],0,0,0,1328,0,1,D,0,0,1338274444,0,0,0,0,0,770
0,0,0,0,0,0,0,0,0,1786914706902.2068,True,['A'],0,0,0,1405,0,0,E,0,0,3806078397,0,0,0,0,0,770
0,0,0,0,0,0,0,0,0,1786914708153.851,True,['A'],0,0,0,1369,0,0,F,0,0,3609126526,0,0,0,0,0,770
0,0,0,0,0,0,0,0,0,1786914714825.928,True,['A'],0,0,0,1143,0,2,B,0,0,3177249399,0,0,0,0,0,780
1599,0,0,1024,2348,1024,0,0,0,1786914715158.951,True,['A'],0,5,1985,1266,386,0,A,0,0,3013422788,0,0,0,0,0,780
0,0,0,0,0,0,2,0,0,1786914715650.895,True,['A'],0,0,0,1698,0,0,C,0,0,2991270563,0,0,0,0,0,780
0,0,0,0,0,0,0,0,0,1786914716715.935,True,['A'],0,0,0,1346,0,1,D,0,0,1338274444,0,0,0,0,0,780
0,0,0,0,0,0,0,0,0,1786914716934.271,True,['A'],0,0,0,1424,0,0,E,0,0,3806078397,0,0,0,0,0,780
0,0,0,0,0,0,0,0,0,1786914718111.967,True,['A'],0,0,0,1387,0,0,F,0,0,3609126526,0,0,0,0,0,780
0,0,0,0,0,0,0,0,0,1786914724699.948,True,['A'],0,0,0,1161,0,2,B,0,0,3177249399,0,0,0,0,0,790
0,0,0,0,0,0,2,0,0,1786914725511.971,True,['A'],0,0,0,1726,0,0,C,0,0,2991270563,0,0,0,0,0,790
1609,0,0,1024,2357,1024,0,0,0,1786914725760.999,True,['A'],0,5,1995,1289,386,0,A,0,0,3013422788,0,0,0,0,0,790
0,0,0,0,0,0,0,0,0,1786914726551.962,True,['A'],0,0,0,1364,0,1,D,0,0,1338274444,0,0,0,0,0,790
0,0,0,0,0,0,0,0,0,1786914726925.3289,True,['A'],0,0,0,1443,0,0,E,0,0,3806078397,0,0,0,0,0,790
0,0,0,0,0,0,0,0,0,1786914727839.025,True,['A'],0,0,0,1405,0,0,F,0,0,3609126526,0,0,0,0,0,790
0,0,0,0,0,0,0,0,0,1786914734398.031,True,['A'],0,0,0,1179,0,2,B,0,0,3177249399,0,0,0,0,0,800
1618,0,0,1024,2364,1024,0,0,0,1786914734933.062,True,['A'],0,5,2004,1310,386,0,A,0,0,3013422788,0,0,0,0,0,800
0,0,0,0,0,0,2,0,0,1786914735483.031,True,['A'],0,0,0,1754,0,0,C,0,0,2991270563,0,0,0,0,0,800
0,0,0,0,0,0,0,0,0,1786914736587.07,True,['A'],0,0,0,1382,0,1,D,0,0,1338274444,0,0,0,0,0,800
0,0,0,0,0,0,0,0,0,1786914737096.4292,True,['A'],0,0,0,1462,0,0,E,0,0,3806078397,0,0,0,0,0,800
0,0,0,0,0,0,0,0,0,1786914737885.031,True,['A'],0,0,0,1424,0,0,F,0,0,3609126526,0,0,0,0,0,800
0,0,0,0,0,0,0,0,0,1786914744301.077,True,['A'],0,0,0,1198,0,2,B,0,0,3177249399,0,0,0,0,0,810
0,0,0,0,0,0,2,0,0,1786914745498.073,True,['A'],0,0,0,1782,0,0,C,0,0,2991270563,0,0,0,0,0,810
1629,0,0,1024,2374,1024,0,0,0,1786914745559.122,True,['A'],0,5,2015,1335,386,0,A,0,0,3013422788,0,0,0,0,0,810
0,0,0,0,0,0,0,0,0,1786914746642.1511,True,['A'],0,0,0,1400,0,1,D,0,0,1338274444,0,0,0,0,0,810
0,0,0,0,0,0,0,0,0,1786914747093.465,True,['A'],0,0,0,1481,0,0,E,0,0,3806078397,0,0,0,0,0,810
0,0,0,0,0,0,0,0,0,1786914747820.11,True,['A'],0,0,0,1443,0,0,F,0,0,3609126526,0,0,0,0,0,810
0,0,0,0,0,0,0,0,0,1786914754376.178,True,['A'],0,0,0,1217,0,2,B,0,0,3177249399,0,0,0,0,0,820
1638,0,0,1024,2382,1024,0,0,0,1786914754797.16,True,['A'],0,5,2024,1356,386,0,A,0,0,3013422788,0,0,0,0,0,820
0,0,0,0,0,0,2,0,0,1786914755430.176,True,['A'],0,0,0,1810,0,0,C,0,0,2991270563,0,0,0,0,0,820
0,0,0,0,0,0,0,0,0,1786914756512.1611,True,['A'],0,0,0,1418,0,1,D,0,0,1338274444,0,0,0,0,0,820
0,0,0,0,0,0,0,0,0,1786914756908.5332,True,['A'],0,0,0,1500,0,0,E,0,0,3806078397,0,0,0,0,0,820
0,0,0,0,0,0,0,0,0,1786914757895.186,True,['A'],0,0,0,1462,0,0,F,0,0,3609126526,0,0,0,0,0,820
0,0,0,0,0,0,0,0,0,1786914764379.2551,True,['A'],0,0,0,1236,0,2,B,0,0,3177249399,0,0,0,0,0,830
1648,0,0,1024,2390,1024,0,0,0,1786914764563.263,True,['A'],0,5,2034,1379,386,0,A,0,0,3013422788,0,0,0,0,0,830
0,0,0,0,0,0,2,0,0,1786914765435.2378,True,['A'],0,0,0,1839,0,0,C,0,0,2991270563,0,0,0,0,0,830
0,0,0,0,0,0,0,0,0,1786914766581.22,True,['A'],0,0,0,1436,0,1,D,0,0,1338274444,0,0,0,0,0,830
0,0,0,0,0,0,0,0,0,1786914767018.5872,True,['A'],0,0,0,1519,0,0,E,0,0,3806078397,0,0,0,0,0,830
0,0,0,0,0,0,0,0,0,1786914767887.2139,True,['A'],0,0,0,1481,0,0,F,0,0,3609126526,0,0,0,0,0,830
0,0,0,0,0,0,0,0,0,1786914774199.27,True,['A'],0,0,0,1255,0,2,B,0,0,3177249399,0,0,0,0,0,840
0,0,0,0,0,0,2,0,0,1786914775482.317,True,['A'],0,0,0,1868,0,0,C,0,0,2991270563,0,0,0,0,0,840
1659,0,0,1024,2399,1024,0,0,0,1786914775582.3171,True,['A'],0,5,2045,1406,386,0,A,0,0,3013422788,0,0,0,0,0,840
0,0,0,0,0,0,0,0,0,1786914776512.328,True,['A'],0,0,0,1454,0,1,D,0,0,1338274444,0,0,0,0,0,840
0,0,0,0,0,0,0,0,0,1786914777012.656,True,['A'],0,0,0,1538,0,0,E,0,0,3806078397,0,0,0,0,0,840
0,0,0,0,0,0,0,0,0,1786914777908.3308,True,['A'],0,0,0,1500,0,0,F,0,0,3609126526,0,0,0,0,0,840
0,0,0,0,0,0,0,0,0,1786914784373.4119,True,['A'],0,0,0,1274,0,2,B,0,0,3177249399,0,0,0,0,0,850
0,0,0,0,0,0,2,0,0,1786914785477.3281,True,['A'],0,0,0,1896,0,0,C,0,0,2991270563,0,0,0,0,0,850
1669,0,0,1024,2408,1024,0,0,0,1786914785858.3901,True,['A'],0,5,2055,1429,386,0,A,0,0,3013422788,0,0,0,0,0,850
0,0,0,0,0,0,0,0,0,1786914786490.355,True,['A'],0,0,0,1472,0,1,D,0,0,1338274444,0,0,0,0,0,850
0,0,0,0,0,0,0,0,0,1786914786909.7148,True,['A'],0,0,0,1557,0,0,E,0,0,3806078397,0,0,0,0,0,850
0,0,0,0,0,0,0,0,0,1786914787820.376,True,['A'],0,0,0,1519,0,0,F,0,0,3609126526,0,0,0,0,0,850
0,0,0,0,0,0,0,0,0,1786914794177.427,True,['A'],0,0,0,1293,0,2,B,0,0,3177249399,0,0,0,0,0,860
1678,0,0,1024,2415,1024,0,0,0,1786914794771.445,True,['A'],0,5,2064,1449,386,0,A,0,0,3013422788,0,0,0,0,0,860
0,0,0,0,0,0,2,0,0,1786914795482.428,True,['A'],0,0,0,1924,0,0,C,0,0,2991270563,0,0,0,0,0,860
0,0,0,0,0,0,0,0,0,1786914796539.406,True,['A'],0,0,0,1490,0,1,D,0,0,1338274444,0,0,0,0,0,860
0,0,0,0,0,0,0,0,0,1786914796939.785,True,['A'],0,0,0,1576,0,0,E,0,0,3806078397,0,0,0,0,0,860
0,0,0,0,0,0,0,0,0,1786914797818.462,True,['A'],0,0,0,1538,0,0,F,0,0,3609126526,0,0,0,0,0,860
0,0,0,0,0,0,0,0,0,1786914804370.4841,True,['A'],0,0,0,1312,0,2,B,0,0,3177249399,0,0,0,0,0,870
1688,0,0,1024,2424,1024,0,0,0,1786914804691.4858,True,['A'],0,5,2074,1472,386,0,A,0,0,3013422788,0,0,0,0,0,870
0,0,0,0,0,0,2,0,0,1786914805502.489,True,['A'],0,0,0,1952,0,0,C,0,0,2991270563,0,0,0,0,0,870
0,0,0,0,0,0,0,0,0,1786914806513.471,True,['A'],0,0,0,1508,0,1,D,0,0,1338274444,0,0,0,0,0,870
0,0,0,0,0,0,0,0,0,1786914807158.8372,True,['A'],0,0,0,1595,0,0,E,0,0,3806078397,0,0,0,0,0,870
0,0,0,0,0,0,0,0,0,1786914807890.521,True,['A'],0,0,0,1557,0,0,F,0,0,3609126526,0,0,0,0,0,870
0,0,0,0,0,0,0,0,0,1786914814171.5232,True,['A'],0,0,0,1331,0,2,B,0,0,3177249399,0,0,0,0,0,880
1698,0,0,1024,2433,1024,0,0,0,1786914814622.548,True,['A'],0,5,2084,1495,386,0,A,0,0,3013422788,0,0,0,0,0,880
0,0,0,0,0,0,2,0,0,1786914815423.5588,True,['A'],0,0,0,1980,0,0,C,0,0,2991270563,0,0,0,0,0,880
0,0,0,0,0,0,0,0,0,1786914816585.531,True,['A'],0,0,0,1526,0,1,D,0,0,1338274444,0,0,0,0,0,880
0,0,0,0,0,0,0,0,0,1786914817075.899,True,['A'],0,0,0,1614,0,0,E,0,0,3806078397,0,0,0,0,0,880
0,0,0,0,0,0,0,0,0,1786914817893.5698,True,['A'],0,0,0,1576,0,0,F,0,0,3609126526,0,0,0,0,0,880
0,0,0,0,0,0,0,0,0,1786914824346.596,True,['A'],0,0,0,1350,0,2,B,0,0,3177249399,0,0,0,0,0,890
1708,0,0,1024,2441,1024,0,0,0,1786914824541.627,True,['A'],0,5,2094,1518,386,0,A,0,0,3013422788,0,0,0,0,0,890
0,0,0,0,0,0,2,0,0,1786914825464.578,True,['A'],0,0,0,2009,0,0,C,0,0,2991270563,0,0,0,0,0,890
0,0,0,0,0,0,0,0,0,1786914826600.6392,True,['A'],0,0,0,1544,0,1,D,0,0,1338274444,0,0,0,0,0,890
0,0,0,0,0,0,0,0,0,1786914827121.9832,True,['A'],0,0,0,1633,0,0,E,0,0,3806078397,0,0,0,0,0,890
0,0,0,0,0,0,0,0,0,1786914827913.613,True,['A'],0,0,0,1595,0,0,F,0,0,3609126526,0,0,0,0,0,890
0,0,0,0,0,0,0,0,0,1786914834333.642,True,['A'],0,0,0,1369,0,2,B,0,0,3177249399,0,0,0,0,0,900
0,0,0,0,0,0,2,0,0,1786914835430.678,True,['A'],0,0,0,2037,0,0,C,0,0,2991270563,0,0,0,0,0,900
1719,0,0,1024,2450,1024,0,0,0,1786914835543.69,True,['A'],0,5,2105,1545,386,0,A,0,0,3013422788,0,0,0,0,0,900
0,0,0,0,0,0,0,0,0,1786914836507.7031,True,['A'],0,0,0,1562,0,1,D,0,0,1338274444,0,0,0,0,0,900
0,0,0,0,0,0,0,0,0,1786914836945.049,True,['A'],0,0,0,1652,0,0,E,0,0,3806078397,0,0,0,0,0,900
0,0,0,0,0,0,0,0,0,1786914837762.7202,True,['A'],0,0,0,1614,0,0,F,0,0,3609126526,0,0,0,0,0,900
0,0,0,0,0,0,0,0,0,1786914844438.741,True,['A'],0,0,0,1388,0,2,B,0,0,3177249399,0,0,0,0,0,910
1728,0,0,1024,2458,1024,0,0,0,1786914844657.762,True,['A'],0,5,2114,1566,386,0,A,0,0,3013422788,0,0,0,0,0,910
0,0,0,0,0,0,2,0,0,1786914845403.708,True,['A'],0,0,0,2066,0,0,C,0,0,2991270563,0,0,0,0,0,910
0,0,0,0,0,0,0,0,0,1786914846534.7139,True,['A'],0,0,0,1580,0,1,D,0,0,1338274444,0,0,0,0,0,910
0,0,0,0,0,0,0,0,0,1786914846928.086,True,['A'],0,0,0,1671,0,0,E,0,0,3806078397,0,0,0,0,0,910
0,0,0,0,0,0,0,0,0,1786914847767.7551,True,['A'],0,0,0,1633,0,0,F,0,0,3609126526,0,0,0,0,0,910
0,0,0,0,0,0,0,0,0,1786914854214.7788,True,['A'],0,0,0,1406,0,2,B,0,0,3177249399,0,0,0,0,0,920
1738,0,0,1024,2465,1024,0,0,0,1786914854636.811,True,['A'],0,5,2124,1589,386,0,A,0,0,3013422788,0,0,0,0,0,920
0,0,0,0,0,0,2,0,0,1786914855394.773,True,['A'],0,0,0,2095,0,0,C,0,0,2991270563,0,0,0,0,0,920
0,0,0,0,0,0,0,0,0,1786914856469.7722,True,['A'],0,0,0,1598,0,1,D,0,0,1338274444,0,0,0,0,0,920
0,0,0,0,0,0,0,0,0,1786914856899.149,True,['A'],0,0,0,1690,0,0,E,0,0,3806078397,0,0,0,0,0,920
0,0,0,0,0,0,0,0,0,1786914857791.823,True,['A'],0,0,0,1652,0,0,F,0,0,3609126526,0,0,0,0,0,920
1748,0,0,1024,2474,1024,0,0,0,1786914864539.886,True,['A'],0,5,2134,1612,386,0,A,0,0,3013422788,0,0,0,0,0,930
0,0,0,0,0,0,0,0,0,1786914864471.8262,True,['A'],0,0,0,1425,0,2,B,0,0,3177249399,0,0,0,0,0,930
0,0,0,0,0,0,2,0,0,1786914865492.848,True,['A'],0,0,0,2124,0,0,C,0,0,2991270563,0,0,0,0,0,930
0,0,0,0,0,0,0,0,0,1786914866553.874,True,['A'],0,0,0,1616,0,1,D,0,0,1338274444,0,0,0,0,0,930
0,0,0,0,0,0,0,0,0,1786914867045.213,True,['A'],0,0,0,1709,0,0,E,0,0,3806078397,0,0,0,0,0,930
0,0,0,0,0,0,0,0,0,1786914867768.884,True,['A'],0,0,0,1671,0,0,F,0,0,3609126526,0,0,0,0,0,930
0,0,0,0,0,0,0,0,0,1786914874279.929,True,['A'],0,0,0,1443,0,2,B,0,0,3177249399,0,0,0,0,0,940
0,0,0,0,0,0,2,0,0,1786914875464.887,True,['A'],0,0,0,2152,0,0,C,0,0,2991270563,0,0,0,0,0,940
1759,0,0,1024,2483,1024,0,0,0,1786914875726.949,True,['A'],0,5,2145,1639,386,0,A,0,0,3013422788,0,0,0,0,0,940
0,0,0,0,0,0,0,0,0,1786914876543.934,True,['A'],0,0,0,1634,0,1,D,0,0,1338274444,0,0,0,0,0,940
0,0,0,0,0,0,0,0,0,1786914876862.2761,True,['A'],0,0,0,1728,0,0,E,0,0,3806078397,0,0,0,0,0,940
0,0,0,0,0,0,0,0,0,1786914877829.9229,True,['A'],0,0,0,1690,0,0,F,0,0,3609126526,0,0,0,0,0,940
0,0,0,0,0,0,0,0,0,1786914884271.995,True,['A'],0,0,0,1462,0,2,B,0,0,3177249399,0,0,0,0,0,950
1768,0,0,1024,2490,1024,0,0,0,1786914884895.019,True,['A'],0,5,2154,1659,386,0,A,0,0,3013422788,0,0,0,0,0,950
0,0,0,0,0,0,2,0,0,1786914885404.9521,True,['A'],0,0,0,2181,0,0,C,0,0,2991270563,0,0,0,0,0,950
0,0,0,0,0,0,0,0,0,1786914886457.01,True,['A'],0,0,0,1652,0,1,D,0,0,1338274444,0,0,0,0,0,950
0,0,0,0,0,0,0,0,0,1786914887219.344,True,['A'],0,0,0,1747,0,0,E,0,0,3806078397,0,0,0,0,0,950
0,0,0,0,0,0,0,0,0,1786914887829.9849,True,['A'],0,0,0,1709,0,0,F,0,0,3609126526,0,0,0,0,0,950
0,0,0,0,0,0,0,0,0,1786914895411.052,True,['A'],0,0,0,1480,0,2,B,0,0,3177249399,0,0,0,0,0,960
0,0,0,0,0,0,0,0,0,1786914897900.41,True,['A'],0,0,0,1766,0,0,E,0,0,3806078397,0,0,0,0,0,960
0,0,0,0,0,0,0,0,0,1786914898896.099,True,['A'],0,0,0,1728,0,0,F,0,0,3609126526,0,0,0,0,0,960
0,0,0,0,0,0,0,0,0,1786914905716.079,True,['A'],0,0,0,1497,0,2,B,0,0,3177249399,0,0,0,0,0,970
0,0,0,0,0,0,0,0,0,1786914907792.481,True,['A'],0,0,0,1784,0,0,E,0,0,3806078397,0,0,0,0,0,970
0,0,0,0,0,0,0,0,0,1786914908611.137,True,['A'],0,0,0,1745,0,0,F,0,0,3609126526,0,0,0,0,0,970
0,0,0,0,0,0,0,0,0,1786914915794.143,True,['A'],0,0,0,1514,0,2,B,0,0,3177249399,0,0,0,0,0,980
0,0,0,0,0,0,0,0,0,1786914918501.559,True,['A'],0,0,0,1802,0,0,E,0,0,3806078397,0,0,0,0,0,980
0,0,0,0,0,0,0,0,0,1786914919156.163,True,['A'],0,0,0,1762,0,0,F,0,0,3609126526,0,0,0,0,0,980
0,0,0,0,0,0,0,0,0,1786914927027.2888,True,['A'],0,0,0,1531,0,2,B,0,0,3177249399,0,0,0,0,0,990
0,0,0,0,0,0,0,0,0,1786914929974.288,True,['A'],0,0,0,1779,0,0,F,0,0,3609126526,0,0,0,0,0,990
0,0,0,0,0,0,0,0,0,1786914937095.35,True,['A'],0,0,0,1546,0,2,B,0,0,3177249399,0,0,0,0,0,1000
0,0,0,0,0,0,0,0,0,1786914938079.715,True,['A'],0,0,0,1816,0,0,E,0,0,3806078397,0,0,0,0,0,1000
0,0,0,0,0,0,0,0,0,1786914940622.3098,True,['A'],0,0,0,1795,0,0,F,0,0,3609126526,0,0,0,0,0,1000
0,0,0,0,0,0,0,0,0,1786914943524.7341,True,['A'],0,0,0,1819,0,0,E,0,0,3806078397,0,0,0,0,0,1010
0,0,0,0,0,0,0,0,0,1786914946794.3398,True,['A'],0,0,0,1554,0,2,B,0,0,3177249399,0,0,0,0,0,1010
0,0,0,0,0,0,0,0,0,1786914949906.737,True,['A'],0,0,0,1823,0,0,E,0,0,3806078397,0,0,0,0,0,1010
0,0,0,0,0,0,0,0,0,1786914950461.366,True,['A'],0,0,0,1810,0,0,F,0,0,3609126526,0,0,0,0,0,1010
0,0,0,0,0,0,0,0,0,1786914956408.407,True,['A'],0,0,0,1567,0,2,B,0,0,3177249399,0,0,0,0,0,1020
0,0,0,0,0,0,0,0,0,1786914958289.8108,True,['A'],0,0,0,1831,0,0,E,0,0,3806078397,0,0,0,0,0,1020
0,0,0,0,0,0,8,0,0,1786914958555.4558,True,['A'],0,0,0,2323,0,0,C,0,0,2991270563,0,0,0,0,0,1020
0,0,0,0,0,0,0,0,0,1786914958654.4321,True,['A'],0,0,0,1819,0,0,F,0,0,3609126526,0,0,0,0,0,1020
2064,0,0,1024,3832,1024,0,0,0,1786914960484.477,True,['A'],0,5,2830,1685,766,1,A,0,0,3013422788,0,0,0,0,0,1020
0,0,0,0,0,0,0,0,0,1786914961523.4731,True,['A'],0,0,0,1671,0,1,D,0,0,1338274444,0,0,0,0,0,1030
0,0,0,0,0,0,0,0,0,1786914964856.478,True,['A'],0,0,0,1578,0,2,B,0,0,3177249399,0,0,0,0,0,1030
0,0,0,0,0,0,0,0,0,1786914964948.488,True,['A'],0,0,0,1674,0,1,D,0,0,1338274444,0,0,0,0,0,1030
2069,0,0,1024,3842,1024,0,0,0,1786914965095.526,True,['A'],0,5,2835,1688,766,1,A,0,0,3013422788,0,0,0,0,0,1030
0,0,0,0,0,0,8,0,0,1786914966210.4758,True,['A'],0,0,0,2340,0,0,C,0,0,2991270563,0,0,0,0,0,1030
0,0,0,0,0,0,0,0,0,1786914967349.856,True,['A'],0,0,0,1848,0,0,E,0,0,3806078397,0,0,0,0,0,1030
0,0,0,0,0,0,0,0,0,1786914968092.53,True,['A'],0,0,0,1837,0,0,F,0,0,3609126526,0,0,0,0,0,1030
0,0,0,0,0,0,0,0,0,1786914968404.5579,True,['A'],0,0,0,1677,0,1,D,0,0,1338274444,0,0,0,0,0,1030
0,0,0,0,0,0,0,0,0,1786914975179.542,True,['A'],0,0,0,1596,0,2,B,0,0,3177249399,0,0,0,0,0,1040
2079,0,0,1024,3852,1024,0,0,0,1786914975699.579,True,['A'],0,5,2845,1711,766,1,A,0,0,3013422788,0,0,0,0,0,1040
0,0,0,0,0,0,0,0,0,1786914976486.5342,True,['A'],0,0,0,1693,0,1,D,0,0,1338274444,0,0,0,0,0,1040
0,0,0,0,0,0,3,0,0,1786914976846.538,True,['A'],0,0,0,2371,0,0,C,0,0,2991270563,0,0,0,0,0,1040
0,0,0,0,0,0,0,0,0,1786914977549.9438,True,['A'],0,0,0,1866,0,0,E,0,0,3806078397,0,0,0,0,0,1040
0,0,0,0,0,0,0,0,0,1786914978053.581,True,['A'],0,0,0,1856,0,0,F,0,0,3609126526,0,0,0,0,0,1040
0,0,0,0,0,0,0,0,0,1786914984784.621,True,['A'],0,0,0,1614,0,2,B,0,0,3177249399,0,0,0,0,0,1050
2088,0,0,1024,3860,1024,0,0,0,1786914984911.645,True,['A'],0,5,2854,1731,766,1,A,0,0,3013422788,0,0,0,0,0,1050
0,0,0,0,0,0,2,0,0,1786914985518.627,True,['A'],0,0,0,2391,0,0,C,0,0,2991270563,0,0,0,0,0,1050
0,0,0,0,0,0,0,0,0,1786914986471.601,True,['A'],0,0,0,1711,0,1,D,0,0,1338274444,0,0,0,0,0,1050
0,0,0,0,0,0,0,0,0,1786914987443.9849,True,['A'],0,0,0,1884,0,0,E,0,0,3806078397,0,0,0,0,0,1050
0,0,0,0,0,0,0,0,0,1786914988067.648,True,['A'],0,0,0,1874,0,0,F,0,0,3609126526,0,0,0,0,0,1050
2098,0,0,1024,3869,1024,0,0,0,1786914994875.689,True,['A'],0,5,2864,1754,766,1,A,0,0,3013422788,0,0,0,0,0,1060
0,0,0,0,0,0,0,0,0,1786914995047.648,True,['A'],0,0,0,1632,0,2,B,0,0,3177249399,0,0,0,0,0,1060
0,0,0,0,0,0,2,0,0,1786914995566.647,True,['A'],0,0,0,2419,0,0,C,0,0,2991270563,0,0,0,0,0,1060
0,0,0,0,0,0,0,0,0,1786914996551.709,True,['A'],0,0,0,1729,0,1,D,0,0,1338274444,0,0,0,0,0,1060
0,0,0,0,0,0,0,0,0,1786914997579.053,True,['A'],0,0,0,1902,0,0,E,0,0,3806078397,0,0,0,0,0,1060
0,0,0,0,0,0,0,0,0,1786914998129.684,True,['A'],0,0,0,1893,0,0,F,0,0,3609126526,0,0,0,0,0,1060
0,0,0,0,0,0,0,0,0,1786915004543.7478,True,['A'],0,0,0,1650,0,2,B,0,0,3177249399,0,0,0,0,0,1070
0,0,0,0,0,0,2,0,0,1786915005447.76,True,['A'],0,0,0,2447,0,0,C,0,0,2991270563,0,0,0,0,0,1070
2109,0,0,1024,3879,1024,0,0,0,1786915005684.7761,True,['A'],0,5,2875,1779,766,1,A,0,0,3013422788,0,0,0,0,0,1070
0,0,0,0,0,0,0,0,0,1786915006535.725,True,['A'],0,0,0,1747,0,1,D,0,0,1338274444,0,0,0,0,0,1070
0,0,0,0,0,0,0,0,0,1786915007477.129,True,['A'],0,0,0,1920,0,0,E,0,0,3806078397,0,0,0,0,0,1070
0,0,0,0,0,0,0,0,0,1786915008170.789,True,['A'],0,0,0,1911,0,0,F,0,0,3609126526,0,0,0,0,0,1070
0,0,0,0,0,0,0,0,0,1786915014553.7761,True,['A'],0,0,0,1668,0,2,B,0,0,3177249399,0,0,0,0,0,1080
2118,0,0,1024,3887,1024,0,0,0,1786915014667.818,True,['A'],0,5,2884,1799,766,1,A,0,0,3013422788,0,0,0,0,0,1080
0,0,0,0,0,0,2,0,0,1786915015604.83,True,['A'],0,0,0,2476,0,0,C,0,0,2991270563,0,0,0,0,0,1080
0,0,0,0,0,0,0,0,0,1786915016643.82,True,['A'],0,0,0,1765,0,1,D,0,0,1338274444,0,0,0,0,0,1080
0,0,0,0,0,0,0,0,0,1786915017489.157,True,['A'],0,0,0,1938,0,0,E,0,0,3806078397,0,0,0,0,0,1080
0,0,0,0,0,0,0,0,0,1786915018226.84,True,['A'],0,0,0,1929,0,0,F,0,0,3609126526,0,0,0,0,0,1080
0,0,0,0,0,0,0,0,0,1786915024582.877,True,['A'],0,0,0,1686,0,2,B,0,0,3177249399,0,0,0,0,0,1090
2128,0,0,1024,3896,1024,0,0,0,1786915024857.887,True,['A'],0,5,2894,1822,766,1,A,0,0,3013422788,0,0,0,0,0,1090
0,0,0,0,0,0,2,0,0,1786915025596.9,True,['A'],0,0,0,2504,0,0,C,0,0,2991270563,0,0,0,0,0,1090
0,0,0,0,0,0,0,0,0,1786915026520.8572,True,['A'],0,0,0,1783,0,1,D,0,0,1338274444,0,0,0,0,0,1090
0,0,0,0,0,0,0,0,0,1786915027750.244,True,['A'],0,0,0,1956,0,0,E,0,0,3806078397,0,0,0,0,0,1090
0,0,0,0,0,0,0,0,0,1786915028152.907,True,['A'],0,0,0,1947,0,0,F,0,0,3609126526,0,0,0,0,0,1090
0,0,0,0,0,0,0,0,0,1786915034651.95,True,['A'],0,0,0,1704,0,2,B,0,0,3177249399,0,0,0,0,0,1100
0,0,0,0,0,0,2,0,0,1786915035729.943,True,['A'],0,0,0,2532,0,0,C,0,0,2991270563,0,0,0,0,0,1100
2139,0,0,1024,3906,1024,0,0,0,1786915035675.964,True,['A'],0,5,2905,1847,766,1,A,0,0,3013422788,0,0,0,0,0,1100
0,0,0,0,0,0,0,0,0,1786915036479.909,True,['A'],0,0,0,1801,0,1,D,0,0,1338274444,0,0,0,0,0,1100
0,0,0,0,0,0,0,0,0,1786915037402.29,True,['A'],0,0,0,1974,0,0,E,0,0,3806078397,0,0,0,0,0,1100
0,0,0,0,0,0,0,0,0,1786915038213.96,True,['A'],0,0,0,1965,0,0,F,0,0,3609126526,0,0,0,0,0,1100
2148,0,0,1024,3914,1024,0,0,0,1786915044592.019,True,['A'],0,5,2914,1867,766,1,A,0,0,3013422788,0,0,0,0,0,1110
0,0,0,0,0,0,0,0,0,1786915044587.007,True,['A'],0,0,0,1722,0,2,B,0,0,3177249399,0,0,0,0,0,1110
0,0,0,0,0,0,2,0,0,1786915045554.008,True,['A'],0,0,0,2560,0,0,C,0,0,2991270563,0,0,0,0,0,1110
0,0,0,0,0,0,0,0,0,1786915046593.977,True,['A'],0,0,0,1819,0,1,D,0,0,1338274444,0,0,0,0,0,1110
0,0,0,0,0,0,0,0,0,1786915047333.3472,True,['A'],0,0,0,1992,0,0,E,0,0,3806078397,0,0,0,0,0,1110
0,0,0,0,0,0,0,0,0,1786915048126.036,True,['A'],0,0,0,1983,0,0,F,0,0,3609126526,0,0,0,0,0,1110
0,0,0,0,0,0,0,0,0,1786915054645.033,True,['A'],0,0,0,1740,0,2,B,0,0,3177249399,0,0,0,0,0,1120
0,0,0,0,0,0,2,0,0,1786915055462.029,True,['A'],0,0,0,2588,0,0,C,0,0,2991270563,0,0,0,0,0,1120
2160,0,0,1024,3925,1024,0,0,0,1786915056034.084,True,['A'],0,5,2926,1894,766,1,A,0,0,3013422788,0,0,0,0,0,1120
0,0,0,0,0,0,0,0,0,1786915056529.075,True,['A'],0,0,0,1837,0,1,D,0,0,1338274444,0,0,0,0,0,1120
0,0,0,0,0,0,0,0,0,1786915057634.4148,True,['A'],0,0,0,2010,0,0,E,0,0,3806078397,0,0,0,0,0,1120
0,0,0,0,0,0,0,0,0,1786915058175.11,True,['A'],0,0,0,2001,0,0,F,0,0,3609126526,0,0,0,0,0,1120
0,0,0,0,0,0,0,0,0,1786915064663.091,True,['A'],0,0,0,1758,0,2,B,0,0,3177249399,0,0,0,0,0,1130
2168,0,0,1024,3932,1024,0,0,0,1786915064767.1511,True,['A'],0,5,2934,1913,766,1,A,0,0,3013422788,0,0,0,0,0,1130
0,0,0,0,0,0,2,0,0,1786915065610.092,True,['A'],0,0,0,2616,0,0,C,0,0,2991270563,0,0,0,0,0,1130
0,0,0,0,0,0,0,0,0,1786915066467.0999,True,['A'],0,0,0,1855,0,1,D,0,0,1338274444,0,0,0,0,0,1130
0,0,0,0,0,0,0,0,0,1786915067468.483,True,['A'],0,0,0,2028,0,0,E,0,0,3806078397,0,0,0,0,0,1130
0,0,0,0,0,0,0,0,0,1786915068050.113,True,['A'],0,0,0,2019,0,0,F,0,0,3609126526,0,0,0,0,0,1130
2178,0,0,1024,3940,1024,0,0,0,1786915074710.203,True,['A'],0,5,2944,1936,766,1,A,0,0,3013422788,0,0,0,0,0,1140
0,0,0,0,0,0,0,0,0,1786915074577.211,True,['A'],0,0,0,1776,0,2,B,0,0,3177249399,0,0,0,0,0,1140
0,0,0,0,0,0,2,0,0,1786915075526.164,True,['A'],0,0,0,2644,0,0,C,0,0,2991270563,0,0,0,0,0,1140
0,0,0,0,0,0,0,0,0,1786915076487.166,True,['A'],0,0,0,1873,0,1,D,0,0,1338274444,0,0,0,0,0,1140
0,0,0,0,0,0,0,0,0,1786915077488.54,True,['A'],0,0,0,2046,0,0,E,0,0,3806078397,0,0,0,0,0,1140
0,0,0,0,0,0,0,0,0,1786915078027.188,True,['A'],0,0,0,2038,0,0,F,0,0,3609126526,0,0,0,0,0,1140
2188,0,0,1024,3949,1024,0,0,0,1786915084717.282,True,['A'],0,5,2954,1959,766,1,A,0,0,3013422788,0,0,0,0,0,1150
0,0,0,0,0,0,0,0,0,1786915084795.238,True,['A'],0,0,0,1794,0,2,B,0,0,3177249399,0,0,0,0,0,1150
0,0,0,0,0,0,2,0,0,1786915085527.222,True,['A'],0,0,0,2672,0,0,C,0,0,2991270563,0,0,0,0,0,1150
0,0,0,0,0,0,0,0,0,1786915086621.263,True,['A'],0,0,0,1891,0,1,D,0,0,1338274444,0,0,0,0,0,1150
0,0,0,0,0,0,0,0,0,1786915087566.635,True,['A'],0,0,0,2064,0,0,E,0,0,3806078397,0,0,0,0,0,1150
0,0,0,0,0,0,0,0,0,1786915088108.24,True,['A'],0,0,0,2057,0,0,F,0,0,3609126526,0,0,0,0,0,1150
0,0,0,0,0,0,0,0,0,1786915094611.298,True,['A'],0,0,0,1812,0,2,B,0,0,3177249399,0,0,0,0,0,1160
2198,0,0,1024,3958,1024,0,0,0,1786915094899.343,True,['A'],0,5,2964,1982,766,1,A,0,0,3013422788,0,0,0,0,0,1160
0,0,0,0,0,0,2,0,0,1786915095448.331,True,['A'],0,0,0,2700,0,0,C,0,0,2991270563,0,0,0,0,0,1160
0,0,0,0,0,0,0,0,0,1786915096540.349,True,['A'],0,0,0,1909,0,1,D,0,0,1338274444,0,0,0,0,0,1160
0,0,0,0,0,0,0,0,0,1786915097518.6738,True,['A'],0,0,0,2082,0,0,E,0,0,3806078397,0,0,0,0,0,1160
0,0,0,0,0,0,0,0,0,1786915098237.304,True,['A'],0,0,0,2076,0,0,F,0,0,3609126526,0,0,0,0,0,1160
0,0,0,0,0,0,0,0,0,1786915104690.361,True,['A'],0,0,0,1830,0,2,B,0,0,3177249399,0,0,0,0,0,1170
2209,0,0,1024,3968,1024,0,0,0,1786915104989.376,True,['A'],0,5,2975,2005,766,1,A,0,0,3013422788,0,0,0,0,0,1170
0,0,0,0,0,0,2,0,0,1786915105557.364,True,['A'],0,0,0,2728,0,0,C,0,0,2991270563,0,0,0,0,0,1170
0,0,0,0,0,0,0,0,0,1786915106647.405,True,['A'],0,0,0,1927,0,1,D,0,0,1338274444,0,0,0,0,0,1170
0,0,0,0,0,0,0,0,0,1786915107536.7441,True,['A'],0,0,0,2100,0,0,E,0,0,3806078397,0,0,0,0,0,1170
0,0,0,0,0,0,0,0,0,1786915108023.3728,True,['A'],0,0,0,2094,0,0,F,0,0,3609126526,0,0,0,0,0,1170
0,0,0,0,0,0,0,0,0,1786915114918.419,True,['A'],0,0,0,1848,0,2,B,0,0,3177249399,0,0,0,0,0,1180
2219,0,0,1024,3977,1024,0,0,0,1786915115018.476,True,['A'],0,5,2985,2028,766,1,A,0,0,3013422788,0,0,0,0,0,1180
0,0,0,0,0,0,2,0,0,1786915115627.43,True,['A'],0,0,0,2756,0,0,C,0,0,2991270563,0,0,0,0,0,1180
0,0,0,0,0,0,0,0,0,1786915116849.479,True,['A'],0,0,0,1945,0,1,D,0,0,1338274444,0,0,0,0,0,1180
0,0,0,0,0,0,0,0,0,1786915117611.826,True,['A'],0,0,0,2118,0,0,E,0,0,3806078397,0,0,0,0,0,1180
0,0,0,0,0,0,0,0,0,1786915118197.4941,True,['A'],0,0,0,2113,0,0,F,0,0,3609126526,0,0,0,0,0,1180
0,0,0,0,0,0,0,0,0,1786915124726.474,True,['A'],0,0,0,1866,0,2,B,0,0,3177249399,0,0,0,0,0,1190
0,0,0,0,0,0,2,0,0,1786915125682.475,True,['A'],0,0,0,2784,0,0,C,0,0,2991270563,0,0,0,0,0,1190
2229,0,0,1024,3985,1024,0,0,0,1786915125787.535,True,['A'],0,5,2995,2053,766,1,A,0,0,3013422788,0,0,0,0,0,1190
0,0,0,0,0,0,0,0,0,1786915126584.522,False,[],0,0,0,1963,0,1,D,0,0,1338274444,0,0,0,0,0,1190
0,0,0,0,0,0,0,0,0,1786915127418.864,False,[],0,0,0,2136,0,0,E,0,0,3806078397,0,0,0,0,0,1190
0,0,0,0,0,0,0,0,0,1786915128023.5542,False,[],0,0,0,2131,0,0,F,0,0,3609126526,0,0,0,0,0,1190
